Date,INR
2005-03-01,154.6
2005-04-01,152.0
2005-05-01,152.2
2005-06-01,152.0
2005-07-01,150.8
2005-10-01,150.7
2005-11-01,150.4
2005-12-01,152.3
2005-01-13,151.1
2005-01-14,150.7
2005-01-17,150.5
2005-01-18,150.6
2005-01-19,151.6
2005-01-20,151.4
2005-01-21,151.3
2005-01-24,152.5
2005-01-25,152.0
2005-01-26,152.2
2005-01-27,151.6
2005-01-28,152.5
2005-01-31,150.7
2005-01-02,150.4
2005-02-02,149.6
2005-03-02,147.7
2005-04-02,147.6
2005-07-02,147.2
2005-08-02,146.8
2005-09-02,146.9
2005-10-02,148.7
2005-11-02,149.8
2005-02-14,151.3
2005-02-15,152.0
2005-02-16,151.3
2005-02-17,152.6
2005-02-18,152.9
2005-02-21,153.0
2005-02-22,154.6
2005-02-23,154.6
2005-02-24,154.9
2005-02-25,155.1
2005-02-28,155.2
2005-01-03,154.9
2005-02-03,154.2
2005-03-03,153.7
2005-04-03,154.9
2005-07-03,154.6
2005-08-03,156.1
2005-09-03,156.8
2005-10-03,156.9
2005-11-03,157.8
2005-03-14,157.3
2005-03-15,157.0
2005-03-16,157.8
2005-03-17,156.4
2005-03-18,156.0
2005-03-21,154.6
2005-03-22,154.4
2005-03-23,152.3
2005-03-24,151.9
2005-03-25,151.9
2005-03-28,152.3
2005-03-29,152.6
2005-03-30,152.5
2005-03-31,152.6
2005-01-04,152.4
2005-04-04,151.6
2005-05-04,152.0
2005-06-04,152.1
2005-07-04,153.0
2005-08-04,152.1
2005-11-04,153.3
2005-12-04,152.8
2005-04-13,152.9
2005-04-14,151.4
2005-04-15,152.0
2005-04-18,152.3
2005-04-19,152.8
2005-04-20,154.8
2005-04-21,155.1
2005-04-22,155.2
2005-04-25,154.7
2005-04-26,156.1
2005-04-27,155.1
2005-04-28,154.5
2005-04-29,155.1
2005-02-05,155.2
2005-03-05,152.5
2005-04-05,152.6
2005-05-05,152.3
2005-06-05,151.0
2005-09-05,151.3
2005-10-05,151.8
2005-11-05,150.6
2005-12-05,150.4
2005-05-13,149.1
2005-05-16,149.0
2005-05-17,149.2
2005-05-18,149.2
2005-05-19,149.6
2005-05-20,148.6
2005-05-23,148.7
2005-05-24,148.7
2005-05-25,148.9
2005-05-26,148.6
2005-05-27,148.8
2005-05-30,149.0
2005-05-31,148.2
2005-01-06,148.6
2005-02-06,150.1
2005-03-06,150.9
2005-06-06,151.8
2005-07-06,151.0
2005-08-06,150.9
2005-09-06,150.3
2005-10-06,150.3
2005-06-13,153.2
2005-06-14,152.2
2005-06-15,152.7
2005-06-16,154.3
2005-06-17,155.7
2005-06-20,156.5
2005-06-21,154.9
2005-06-22,155.6
2005-06-23,156.4
2005-06-24,156.8
2005-06-27,156.2
2005-06-28,155.4
2005-06-29,155.2
2005-06-30,155.4
2005-01-07,153.7
2005-04-07,152.2
2005-05-07,151.0
2005-06-07,150.9
2005-07-07,151.5
2005-08-07,151.2
2005-11-07,151.0
2005-12-07,151.8
2005-07-13,150.9
2005-07-14,150.9
2005-07-15,148.8
2005-07-18,149.8
2005-07-19,149.2
2005-07-20,150.1
2005-07-21,149.6
2005-07-22,150.9
2005-07-25,151.6
2005-07-26,150.3
2005-07-27,150.6
2005-07-28,151.3
2005-07-29,152.4
2005-01-08,153.1
2005-02-08,153.4
2005-03-08,154.2
2005-04-08,156.0
2005-05-08,155.7
2005-08-08,155.2
2005-09-08,154.1
2005-10-08,155.4
2005-11-08,156.9
2005-12-08,159.1
2005-08-15,157.7
2005-08-16,157.6
2005-08-17,157.2
2005-08-18,156.5
2005-08-19,156.6
2005-08-22,156.8
2005-08-23,156.7
2005-08-24,157.3
2005-08-25,156.5
2005-08-26,155.8
2005-08-29,156.7
2005-08-30,155.0
2005-08-31,156.2
2005-01-09,158.0
2005-02-09,159.1
2005-05-09,159.8
2005-06-09,159.2
2005-07-09,159.5
2005-08-09,160.7
2005-09-09,160.6
2005-12-09,160.5
2005-09-13,159.7
2005-09-14,161.1
2005-09-15,163.0
2005-09-16,163.9
2005-09-19,166.5
2005-09-20,166.6
2005-09-21,168.3
2005-09-22,167.3
2005-09-23,166.0
2005-09-26,165.9
2005-09-27,167.1
2005-09-28,166.9
2005-09-29,169.8
2005-09-30,170.1
2005-03-10,168.0
2005-04-10,168.9
2005-05-10,167.6
2005-06-10,170.6
2005-07-10,171.3
2005-10-10,173.2
2005-11-10,174.3
2005-12-10,173.9
2005-10-13,172.4
2005-10-14,170.7
2005-10-17,173.9
2005-10-18,174.1
2005-10-19,171.9
2005-10-20,171.5
2005-10-21,170.4
2005-10-24,171.9
2005-10-25,173.8
2005-10-26,174.2
2005-10-27,174.8
2005-10-28,173.5
2005-10-31,173.6
2005-01-11,169.4
2005-02-11,170.3
2005-03-11,170.9
2005-04-11,171.3
2005-07-11,171.1
2005-08-11,172.7
2005-09-11,173.0
2005-10-11,174.5
2005-11-11,173.9
2005-11-14,175.0
2005-11-15,174.7
2005-11-16,177.9
2005-11-17,181.7
2005-11-18,181.7
2005-11-21,183.0
2005-11-22,184.6
2005-11-23,182.2
2005-11-24,184.4
2005-11-25,185.7
2005-11-28,186.0
2005-11-29,185.9
2005-11-30,186.0
2005-01-12,188.3
2005-02-12,189.5
2005-05-12,191.3
2005-06-12,190.3
2005-07-12,194.7
2005-08-12,194.9
2005-09-12,198.2
2005-12-12,201.9
2005-12-13,196.7
2005-12-14,190.2
2005-12-15,187.5
2005-12-16,187.4
2005-12-19,187.1
2005-12-20,185.5
2005-12-21,180.6
2005-12-22,184.5
2005-12-23,184.5
2005-12-26,184.5
2005-12-27,184.8
2005-12-28,191.0
2005-12-29,189.4
2005-12-30,188.8
2006-02-01,188.8
2006-03-01,194.7
2006-04-01,193.7
2006-05-01,191.4
2006-06-01,194.1
2006-09-01,195.8
2006-10-01,196.2
2006-11-01,196.7
2006-12-01,195.3
2006-01-13,197.8
2006-01-16,202.9
2006-01-17,200.2
2006-01-18,197.4
2006-01-19,200.4
2006-01-20,204.9
2006-01-23,200.0
2006-01-24,201.4
2006-01-25,202.5
2006-01-26,200.3
2006-01-27,202.2
2006-01-30,203.5
2006-01-31,205.2
2006-01-02,205.1
2006-02-02,206.7
2006-03-02,205.4
2006-06-02,205.8
2006-07-02,201.8
2006-08-02,198.2
2006-09-02,202.1
2006-10-02,200.9
2006-02-13,198.4
2006-02-14,195.0
2006-02-15,195.3
2006-02-16,195.0
2006-02-17,200.5
2006-02-20,201.0
2006-02-21,201.0
2006-02-22,201.4
2006-02-23,200.0
2006-02-24,201.0
2006-02-27,201.0
2006-02-28,201.7
2006-01-03,204.7
2006-02-03,204.2
2006-03-03,204.3
2006-06-03,204.5
2006-07-03,200.2
2006-08-03,198.0
2006-09-03,200.1
2006-10-03,193.9
2006-03-13,197.3
2006-03-14,198.4
2006-03-15,202.0
2006-03-16,200.3
2006-03-17,200.1
2006-03-20,201.2
2006-03-21,198.9
2006-03-22,200.2
2006-03-23,198.9
2006-03-24,202.6
2006-03-27,206.2
2006-03-28,207.2
2006-03-29,206.3
2006-03-30,212.9
2006-03-31,212.1
2006-03-04,213.3
2006-04-04,214.4
2006-05-04,214.0
2006-06-04,216.4
2006-07-04,215.5
2006-10-04,218.9
2006-11-04,219.1
2006-12-04,220.8
2006-04-13,218.9
2006-04-14,218.9
2006-04-17,218.4
2006-04-18,226.8
2006-04-19,230.0
2006-04-20,230.4
2006-04-21,229.8
2006-04-24,228.4
2006-04-25,233.2
2006-04-26,234.1
2006-04-27,234.0
2006-04-28,236.5
2006-01-05,235.8
2006-02-05,242.3
2006-03-05,246.9
2006-04-05,246.8
2006-05-05,248.6
2006-08-05,247.6
2006-09-05,253.5
2006-10-05,257.0
2006-11-05,263.0
2006-12-05,267.0
2006-05-15,255.5
2006-05-16,257.5
2006-05-17,258.4
2006-05-18,257.7
2006-05-19,242.6
2006-05-22,243.0
2006-05-23,248.2
2006-05-24,242.6
2006-05-25,241.1
2006-05-26,241.0
2006-05-29,242.1
2006-05-30,250.0
2006-05-31,247.2
2006-01-06,236.8
2006-02-06,237.0
2006-05-06,240.2
2006-06-06,235.4
2006-07-06,231.4
2006-08-06,230.6
2006-09-06,231.5
2006-12-06,228.7
2006-06-13,219.7
2006-06-14,213.3
2006-06-15,214.0
2006-06-16,215.1
2006-06-19,214.4
2006-06-20,213.1
2006-06-21,215.9
2006-06-22,220.3
2006-06-23,218.6
2006-06-26,221.3
2006-06-27,222.9
2006-06-28,220.9
2006-06-29,223.0
2006-06-30,230.9
2006-03-07,234.7
2006-04-07,233.6
2006-05-07,234.7
2006-06-07,236.2
2006-07-07,237.9
2006-10-07,236.1
2006-11-07,238.1
2006-12-07,245.8
2006-07-13,246.0
2006-07-14,251.4
2006-07-17,249.4
2006-07-18,246.3
2006-07-19,246.5
2006-07-20,245.6
2006-07-21,242.4
2006-07-24,232.3
2006-07-25,236.8
2006-07-26,234.9
2006-07-27,243.5
2006-07-28,243.1
2006-07-31,240.8
2006-01-08,242.7
2006-02-08,249.9
2006-03-08,245.3
2006-04-08,248.3
2006-07-08,247.5
2006-08-08,245.9
2006-09-08,246.6
2006-10-08,244.6
2006-11-08,245.1
2006-08-14,238.1
2006-08-15,238.3
2006-08-16,239.8
2006-08-17,237.5
2006-08-18,233.2
2006-08-21,237.4
2006-08-22,236.9
2006-08-23,238.9
2006-08-24,237.3
2006-08-25,236.4
2006-08-28,236.2
2006-08-29,233.2
2006-08-30,234.9
2006-08-31,237.2
2006-01-09,236.2
2006-04-09,237.4
2006-05-09,241.3
2006-06-09,239.8
2006-07-09,234.8
2006-08-09,230.6
2006-11-09,222.6
2006-12-09,223.5
2006-09-13,222.4
2006-09-14,220.5
2006-09-15,216.3
2006-09-18,219.0
2006-09-19,219.8
2006-09-20,218.1
2006-09-21,217.0
2006-09-22,221.1
2006-09-25,219.6
2006-09-26,221.9
2006-09-27,222.8
2006-09-28,226.4
2006-09-29,225.0
2006-02-10,225.5
2006-03-10,217.8
2006-04-10,214.5
2006-05-10,214.0
2006-06-10,209.0
2006-09-10,215.1
2006-10-10,214.0
2006-11-10,214.3
2006-12-10,213.7
2006-10-13,217.8
2006-10-16,221.1
2006-10-17,218.4
2006-10-18,220.4
2006-10-19,221.3
2006-10-20,221.1
2006-10-23,216.2
2006-10-24,213.5
2006-10-25,215.3
2006-10-26,220.6
2006-10-27,220.3
2006-10-30,223.8
2006-10-31,222.3
2006-01-11,225.3
2006-02-11,227.8
2006-03-11,228.2
2006-06-11,229.9
2006-07-11,228.8
2006-08-11,227.8
2006-09-11,227.7
2006-10-11,230.1
2006-11-13,229.3
2006-11-14,231.6
2006-11-15,229.0
2006-11-16,229.6
2006-11-17,227.9
2006-11-20,230.0
2006-11-21,229.1
2006-11-22,231.4
2006-11-23,230.3
2006-11-24,233.7
2006-11-27,233.4
2006-11-28,232.8
2006-11-29,233.0
2006-11-30,236.5
2006-01-12,236.9
2006-04-12,235.7
2006-05-12,235.1
2006-06-12,232.4
2006-07-12,229.1
2006-08-12,233.1
2006-11-12,229.6
2006-12-12,230.0
2006-12-13,228.5
2006-12-14,229.2
2006-12-15,227.9
2006-12-18,224.6
2006-12-19,227.0
2006-12-20,226.4
2006-12-21,226.4
2006-12-22,226.1
2006-12-25,226.1
2006-12-26,225.5
2006-12-27,227.7
2006-12-28,228.7
2006-12-29,228.7
2007-01-01,228.7
2007-02-01,231.4
2007-03-01,233.1
2007-04-01,227.6
2007-05-01,220.8
2007-08-01,221.7
2007-09-01,221.2
2007-10-01,221.6
2007-11-01,223.1
2007-12-01,225.1
2007-01-15,227.0
2007-01-16,227.0
2007-01-17,226.4
2007-01-18,230.1
2007-01-19,227.6
2007-01-22,230.9
2007-01-23,232.4
2007-01-24,232.4
2007-01-25,235.7
2007-01-26,233.5
2007-01-29,233.0
2007-01-30,233.2
2007-01-31,234.9
2007-01-02,238.1
2007-02-02,232.9
2007-05-02,234.2
2007-06-02,235.6
2007-07-02,235.6
2007-08-02,236.6
2007-09-02,239.8
2007-12-02,240.0
2007-02-13,241.3
2007-02-14,241.1
2007-02-15,239.7
2007-02-16,239.3
2007-02-19,242.1
2007-02-20,239.9
2007-02-21,238.9
2007-02-22,244.8
2007-02-23,246.8
2007-02-26,247.8
2007-02-27,244.5
2007-02-28,240.5
2007-01-03,242.7
2007-02-03,236.2
2007-05-03,232.3
2007-06-03,234.0
2007-07-03,235.2
2007-08-03,237.1
2007-09-03,235.8
2007-12-03,234.3
2007-03-13,235.3
2007-03-14,232.8
2007-03-15,234.4
2007-03-16,235.6
2007-03-19,236.1
2007-03-20,235.8
2007-03-21,234.3
2007-03-22,237.1
2007-03-23,233.8
2007-03-26,234.7
2007-03-27,234.2
2007-03-28,234.6
2007-03-29,236.5
2007-03-30,235.2
2007-02-04,233.9
2007-03-04,233.9
2007-04-04,236.7
2007-05-04,236.4
2007-06-04,236.4
2007-09-04,236.3
2007-10-04,237.3
2007-11-04,237.8
2007-12-04,237.3
2007-04-13,237.0
2007-04-16,235.4
2007-04-17,236.1
2007-04-18,236.6
2007-04-19,234.6
2007-04-20,236.1
2007-04-23,234.7
2007-04-24,231.8
2007-04-25,228.8
2007-04-26,225.1
2007-04-27,227.6
2007-04-30,228.0
2007-01-05,226.8
2007-02-05,225.6
2007-03-05,226.7
2007-04-05,230.1
2007-07-05,230.2
2007-08-05,228.5
2007-09-05,228.5
2007-10-05,227.1
2007-11-05,225.4
2007-05-14,224.0
2007-05-15,223.8
2007-05-16,222.7
2007-05-17,219.4
2007-05-18,218.6
2007-05-21,218.8
2007-05-22,219.7
2007-05-23,219.6
2007-05-24,218.8
2007-05-25,217.5
2007-05-28,217.5
2007-05-29,218.6
2007-05-30,218.1
2007-05-31,218.8
2007-01-06,220.8
2007-04-06,222.4
2007-05-06,222.5
2007-06-06,222.8
2007-07-06,222.6
2007-08-06,220.4
2007-11-06,216.9
2007-12-06,215.7
2007-06-13,217.0
2007-06-14,218.5
2007-06-15,218.2
2007-06-18,218.7
2007-06-19,219.0
2007-06-20,219.1
2007-06-21,216.6
2007-06-22,217.6
2007-06-25,217.4
2007-06-26,216.6
2007-06-27,215.3
2007-06-28,216.1
2007-06-29,216.6
2007-02-07,217.6
2007-03-07,216.9
2007-04-07,216.4
2007-05-07,215.2
2007-06-07,214.5
2007-09-07,218.6
2007-10-07,218.5
2007-11-07,219.0
2007-12-07,221.0
2007-07-13,220.3
2007-07-16,219.9
2007-07-17,220.0
2007-07-18,220.3
2007-07-19,222.5
2007-07-20,224.7
2007-07-23,224.7
2007-07-24,225.4
2007-07-25,222.6
2007-07-26,221.0
2007-07-27,218.8
2007-07-30,219.3
2007-07-31,219.7
2007-01-08,220.2
2007-02-08,220.2
2007-03-08,221.2
2007-06-08,221.8
2007-07-08,220.7
2007-08-08,223.9
2007-09-08,219.6
2007-10-08,222.2
2007-08-13,222.2
2007-08-14,222.7
2007-08-15,222.3
2007-08-16,224.0
2007-08-17,222.1
2007-08-20,221.4
2007-08-21,220.9
2007-08-22,220.5
2007-08-23,221.8
2007-08-24,222.1
2007-08-27,221.7
2007-08-28,224.2
2007-08-29,223.3
2007-08-30,224.2
2007-08-31,224.6
2007-03-09,224.6
2007-04-09,227.4
2007-05-09,227.7
2007-06-09,229.5
2007-07-09,233.2
2007-10-09,233.8
2007-11-09,233.6
2007-12-09,233.5
2007-09-13,233.0
2007-09-14,237.0
2007-09-17,238.4
2007-09-18,236.6
2007-09-19,238.4
2007-09-20,239.5
2007-09-21,240.5
2007-09-24,237.4
2007-09-25,236.7
2007-09-26,238.5
2007-09-27,237.6
2007-09-28,242.1
2007-01-10,241.9
2007-02-10,238.2
2007-03-10,236.3
2007-04-10,234.2
2007-05-10,237.9
2007-08-10,236.7
2007-09-10,237.4
2007-10-10,238.3
2007-11-10,240.7
2007-12-10,241.2
2007-10-15,243.9
2007-10-16,243.5
2007-10-17,246.6
2007-10-18,248.6
2007-10-19,247.9
2007-10-22,245.0
2007-10-23,245.5
2007-10-24,245.2
2007-10-25,248.2
2007-10-26,251.3
2007-10-29,254.2
2007-10-30,252.2
2007-10-31,253.8
2007-01-11,254.0
2007-02-11,256.0
2007-05-11,258.7
2007-06-11,264.4
2007-07-11,268.2
2007-08-11,270.5
2007-09-11,267.4
2007-12-11,258.6
2007-11-13,259.3
2007-11-14,261.5
2007-11-15,255.2
2007-11-16,253.9
2007-11-19,250.5
2007-11-20,256.0
2007-11-21,257.0
2007-11-22,259.7
2007-11-23,264.7
2007-11-26,270.1
2007-11-27,263.7
2007-11-28,260.9
2007-11-29,258.3
2007-11-30,253.8
2007-03-12,253.3
2007-04-12,257.1
2007-05-12,256.1
2007-06-12,258.8
2007-07-12,255.3
2007-10-12,260.9
2007-11-12,260.2
2007-12-12,262.1
2007-12-13,257.9
2007-12-14,254.0
2007-12-17,255.7
2007-12-18,260.0
2007-12-19,258.9
2007-12-20,257.1
2007-12-21,262.1
2007-12-24,261.4
2007-12-25,261.4
2007-12-26,261.3
2007-12-27,267.2
2007-12-28,268.8
2007-12-31,268.7
2008-01-01,268.7
2008-02-01,273.0
2008-03-01,276.7
2008-04-01,275.0
2008-07-01,276.1
2008-08-01,280.5
2008-09-01,281.7
2008-10-01,284.1
2008-11-01,286.3
2008-01-14,289.7
2008-01-15,293.2
2008-01-16,285.9
2008-01-17,285.5
2008-01-18,283.4
2008-01-21,281.8
2008-01-22,282.5
2008-01-23,287.5
2008-01-24,293.3
2008-01-25,295.6
2008-01-28,296.8
2008-01-29,297.7
2008-01-30,296.0
2008-01-31,297.2
2008-01-02,294.4
2008-04-02,288.3
2008-05-02,287.1
2008-06-02,291.8
2008-07-02,290.8
2008-08-02,296.9
2008-11-02,298.0
2008-12-02,297.4
2008-02-13,292.3
2008-02-14,293.5
2008-02-15,296.0
2008-02-18,293.8
2008-02-19,301.6
2008-02-20,302.4
2008-02-21,308.5
2008-02-22,308.9
2008-02-25,306.4
2008-02-26,305.7
2008-02-27,312.1
2008-02-28,312.9
2008-02-29,317.9
2008-03-03,326.4
2008-04-03,324.6
2008-05-03,321.1
2008-06-03,321.2
2008-07-03,322.2
2008-10-03,320.9
2008-11-03,320.9
2008-12-03,321.7
2008-03-13,329.0
2008-03-14,331.8
2008-03-17,336.7
2008-03-18,333.4
2008-03-19,316.8
2008-03-20,306.0
2008-03-21,306.0
2008-03-24,304.8
2008-03-25,304.0
2008-03-26,310.8
2008-03-27,310.5
2008-03-28,304.7
2008-03-31,306.2
2008-01-04,291.2
2008-02-04,290.9
2008-03-04,293.5
2008-04-04,295.8
2008-07-04,302.8
2008-08-04,299.4
2008-09-04,299.8
2008-10-04,303.1
2008-11-04,303.1
2008-04-14,302.7
2008-04-15,303.8
2008-04-16,308.7
2008-04-17,308.8
2008-04-18,296.6
2008-04-21,300.3
2008-04-22,300.0
2008-04-23,294.3
2008-04-24,294.2
2008-04-25,292.4
2008-04-28,292.4
2008-04-29,291.2
2008-04-30,288.5
2008-01-05,282.4
2008-02-05,283.6
2008-05-05,283.4
2008-06-05,294.6
2008-07-05,293.6
2008-08-05,299.5
2008-09-05,297.9
2008-12-05,303.8
2008-05-13,297.8
2008-05-14,300.7
2008-05-15,308.0
2008-05-16,312.0
2008-05-19,315.3
2008-05-20,318.6
2008-05-21,323.3
2008-05-22,324.1
2008-05-23,323.9
2008-05-26,324.0
2008-05-27,318.5
2008-05-28,315.4
2008-05-29,308.9
2008-05-30,307.5
2008-02-06,308.0
2008-03-06,306.4
2008-04-06,309.0
2008-05-06,308.3
2008-06-06,310.6
2008-09-06,314.1
2008-10-06,308.6
2008-11-06,307.1
2008-12-06,302.0
2008-06-13,304.1
2008-06-16,312.0
2008-06-17,309.1
2008-06-18,311.3
2008-06-19,317.2
2008-06-20,318.5
2008-06-23,309.6
2008-06-24,312.5
2008-06-25,308.5
2008-06-26,317.4
2008-06-27,322.4
2008-06-30,327.3
2008-01-07,332.2
2008-02-07,330.1
2008-03-07,330.6
2008-04-07,328.6
2008-07-07,324.5
2008-08-07,325.8
2008-09-07,327.0
2008-10-07,330.3
2008-11-07,337.5
2008-07-14,339.7
2008-07-15,348.5
2008-07-16,344.3
2008-07-17,338.0
2008-07-18,335.6
2008-07-21,335.2
2008-07-22,336.0
2008-07-23,318.8
2008-07-24,319.8
2008-07-25,318.1
2008-07-28,321.3
2008-07-29,319.7
2008-07-30,310.9
2008-07-31,319.6
2008-01-08,316.0
2008-04-08,314.7
2008-05-08,304.7
2008-06-08,302.6
2008-07-08,299.8
2008-08-08,293.2
2008-11-08,293.9
2008-12-08,283.3
2008-08-13,285.4
2008-08-14,287.6
2008-08-15,276.6
2008-08-18,283.8
2008-08-19,281.2
2008-08-20,291.5
2008-08-21,296.6
2008-08-22,292.6
2008-08-25,295.0
2008-08-26,296.5
2008-08-27,295.9
2008-08-28,300.1
2008-08-29,299.2
2008-01-09,297.1
2008-02-09,290.1
2008-03-09,292.0
2008-04-09,292.2
2008-05-09,295.2
2008-08-09,294.6
2008-09-09,286.5
2008-10-09,286.1
2008-11-09,276.0
2008-12-09,280.5
2008-09-15,291.8
2008-09-16,298.8
2008-09-17,308.1
2008-09-18,327.5
2008-09-19,325.6
2008-09-22,330.4
2008-09-23,336.1
2008-09-24,336.6
2008-09-25,335.8
2008-09-26,343.3
2008-09-29,347.5
2008-09-30,339.7
2008-01-10,335.5
2008-02-10,324.8
2008-03-10,318.7
2008-06-10,342.3
2008-07-10,343.5
2008-08-10,354.6
2008-09-10,346.8
2008-10-10,356.8
2008-10-13,328.0
2008-10-14,327.2
2008-10-15,336.1
2008-10-16,320.4
2008-10-17,313.6
2008-10-20,318.5
2008-10-21,309.2
2008-10-22,299.9
2008-10-23,293.3
2008-10-24,291.1
2008-10-27,297.9
2008-10-28,297.9
2008-10-29,310.3
2008-10-30,306.8
2008-10-31,295.5
2008-03-11,290.2
2008-04-11,289.3
2008-05-11,292.5
2008-06-11,294.5
2008-07-11,286.5
2008-10-11,291.8
2008-11-11,288.7
2008-12-11,292.2
2008-11-13,287.7
2008-11-14,299.4
2008-11-17,296.2
2008-11-18,299.8
2008-11-19,311.6
2008-11-20,302.9
2008-11-21,316.9
2008-11-24,336.9
2008-11-25,335.1
2008-11-26,328.8
2008-11-27,329.4
2008-11-28,333.6
2008-01-12,319.8
2008-02-12,319.8
2008-03-12,313.3
2008-04-12,315.3
2008-05-12,303.6
2008-08-12,311.1
2008-09-12,311.3
2008-10-12,321.4
2008-11-12,327.1
2008-12-12,327.4
2008-12-15,324.5
2008-12-16,328.4
2008-12-17,339.0
2008-12-18,328.2
2008-12-19,323.0
2008-12-22,333.2
2008-12-23,336.5
2008-12-24,331.5
2008-12-25,331.5
2008-12-26,334.2
2008-12-29,348.5
2008-12-30,344.6
2008-12-31,346.5
2009-01-01,346.5
2009-02-01,347.4
2009-05-01,338.8
2009-06-01,337.8
2009-07-01,338.7
2009-08-01,341.5
2009-09-01,334.5
2009-12-01,330.3
2009-01-13,331.9
2009-01-14,328.0
2009-01-15,324.7
2009-01-16,332.5
2009-01-19,331.3
2009-01-20,343.3
2009-01-21,341.0
2009-01-22,345.6
2009-01-23,352.7
2009-01-26,366.6
2009-01-27,359.2
2009-01-28,358.1
2009-01-29,357.4
2009-01-30,367.5
2009-02-02,367.3
2009-03-02,361.1
2009-04-02,361.3
2009-05-02,366.9
2009-06-02,363.4
2009-09-02,355.5
2009-10-02,362.4
2009-11-02,373.5
2009-12-02,376.7
2009-02-13,372.3
2009-02-16,376.4
2009-02-17,393.2
2009-02-18,393.5
2009-02-19,397.9
2009-02-20,402.1
2009-02-23,400.8
2009-02-24,401.3
2009-02-25,399.6
2009-02-26,386.3
2009-02-27,398.1
2009-02-03,397.8
2009-03-03,388.3
2009-04-03,382.9
2009-05-03,386.4
2009-06-03,395.6
2009-09-03,391.7
2009-10-03,382.3
2009-11-03,381.4
2009-12-03,392.6
2009-03-13,390.7
2009-03-16,386.4
2009-03-17,385.4
2009-03-18,374.6
2009-03-19,394.2
2009-03-20,395.1
2009-03-23,391.7
2009-03-24,383.1
2009-03-25,385.5
2009-03-26,388.0
2009-03-27,382.1
2009-03-30,388.5
2009-03-31,380.2
2009-01-04,383.5
2009-02-04,369.5
2009-03-04,372.5
2009-06-04,356.1
2009-07-04,360.0
2009-08-04,361.1
2009-09-04,360.0
2009-10-04,360.0
2009-04-13,359.2
2009-04-14,362.0
2009-04-15,361.9
2009-04-16,358.2
2009-04-17,354.9
2009-04-20,360.8
2009-04-21,366.8
2009-04-22,364.6
2009-04-23,366.3
2009-04-24,369.6
2009-04-27,372.9
2009-04-28,368.0
2009-04-29,367.5
2009-04-30,361.3
2009-01-05,361.9
2009-04-05,361.0
2009-05-05,366.8
2009-06-05,369.2
2009-07-05,367.6
2009-08-05,365.5
2009-11-05,369.7
2009-12-05,369.8
2009-05-13,375.6
2009-05-14,376.7
2009-05-15,375.3
2009-05-18,360.6
2009-05-19,361.3
2009-05-20,364.8
2009-05-21,363.2
2009-05-22,369.7
2009-05-25,371.1
2009-05-26,370.3
2009-05-27,370.9
2009-05-28,372.8
2009-05-29,375.8
2009-01-06,377.0
2009-02-06,376.8
2009-03-06,376.0
2009-04-06,374.7
2009-05-06,370.6
2009-08-06,367.0
2009-09-06,371.2
2009-10-06,368.5
2009-11-06,368.8
2009-12-06,364.9
2009-06-15,363.7
2009-06-16,364.6
2009-06-17,366.1
2009-06-18,370.7
2009-06-19,367.7
2009-06-22,365.5
2009-06-23,365.5
2009-06-24,370.6
2009-06-25,372.4
2009-06-26,370.4
2009-06-29,368.0
2009-06-30,366.0
2009-01-07,367.4
2009-02-07,364.5
2009-03-07,365.2
2009-06-07,367.2
2009-07-07,366.0
2009-08-07,367.0
2009-09-07,363.1
2009-10-07,365.8
2009-07-13,364.7
2009-07-14,370.3
2009-07-15,373.0
2009-07-16,372.1
2009-07-17,373.5
2009-07-20,375.5
2009-07-21,375.3
2009-07-22,376.2
2009-07-23,376.3
2009-07-24,375.2
2009-07-27,376.1
2009-07-28,372.2
2009-07-29,368.6
2009-07-30,368.7
2009-07-31,368.1
2009-03-08,373.8
2009-04-08,375.0
2009-05-08,373.3
2009-06-08,375.9
2009-07-08,374.0
2009-10-08,369.4
2009-11-08,369.7
2009-12-08,374.6
2009-08-13,375.1
2009-08-14,376.1
2009-08-17,373.4
2009-08-18,373.1
2009-08-19,376.2
2009-08-20,374.5
2009-08-21,378.6
2009-08-24,378.2
2009-08-25,378.9
2009-08-26,376.2
2009-08-27,377.1
2009-08-28,380.1
2009-08-31,381.4
2009-01-09,382.9
2009-02-09,386.3
2009-03-09,393.2
2009-04-09,395.3
2009-07-09,395.0
2009-08-09,396.6
2009-09-09,396.4
2009-10-09,394.0
2009-11-09,399.6
2009-09-14,398.2
2009-09-15,396.1
2009-09-16,400.6
2009-09-17,401.0
2009-09-18,398.3
2009-09-21,392.4
2009-09-22,397.7
2009-09-23,396.5
2009-09-24,395.9
2009-09-25,388.9
2009-09-28,389.0
2009-09-29,389.2
2009-09-30,391.7
2009-01-10,392.2
2009-02-10,391.7
2009-05-10,390.7
2009-06-10,398.2
2009-07-10,396.9
2009-08-10,396.0
2009-09-10,399.0
2009-12-10,402.5
2009-10-13,402.0
2009-10-14,399.7
2009-10-15,398.3
2009-10-16,396.5
2009-10-19,397.6
2009-10-20,400.3
2009-10-21,400.6
2009-10-22,402.4
2009-10-23,403.7
2009-10-26,402.0
2009-10-27,397.6
2009-10-28,399.4
2009-10-29,401.6
2009-10-30,399.4
2009-02-11,407.8
2009-03-11,411.2
2009-04-11,419.4
2009-05-11,418.7
2009-06-11,419.7
2009-09-11,420.4
2009-10-11,418.8
2009-11-11,422.3
2009-12-11,425.2
2009-11-13,418.1
2009-11-16,427.0
2009-11-17,429.7
2009-11-18,434.1
2009-11-19,433.5
2009-11-20,434.4
2009-11-23,444.4
2009-11-24,441.1
2009-11-25,445.7
2009-11-26,449.2
2009-11-27,444.9
2009-11-30,447.2
2009-01-12,451.6
2009-02-12,459.5
2009-03-12,455.4
2009-04-12,450.5
2009-07-12,435.0
2009-08-12,437.6
2009-09-12,434.1
2009-10-12,430.4
2009-11-12,427.6
2009-12-14,429.2
2009-12-15,428.6
2009-12-16,434.0
2009-12-17,428.2
2009-12-18,422.0
2009-12-21,423.4
2009-12-22,414.8
2009-12-23,415.9
2009-12-24,414.0
2009-12-25,414.0
2009-12-28,414.0
2009-12-29,422.0
2009-12-30,415.7
2009-12-31,413.8
2010-01-01,413.8
2010-04-01,424.5
2010-05-01,424.7
2010-06-01,423.7
2010-07-01,422.6
2010-08-01,421.5
2010-11-01,427.4
2010-12-01,430.3
2010-01-13,420.3
2010-01-14,424.6
2010-01-15,422.3
2010-01-18,423.4
2010-01-19,424.2
2010-01-20,420.8
2010-01-21,417.2
2010-01-22,408.6
2010-01-25,413.1
2010-01-26,412.3
2010-01-27,415.1
2010-01-28,412.4
2010-01-29,407.1
2010-01-02,412.0
2010-02-02,419.8
2010-03-02,419.2
2010-04-02,409.7
2010-05-02,404.2
2010-08-02,407.2
2010-09-02,408.7
2010-10-02,406.5
2010-11-02,408.5
2010-12-02,410.7
2010-02-15,416.0
2010-02-16,421.4
2010-02-17,421.8
2010-02-18,423.0
2010-02-19,421.3
2010-02-22,421.4
2010-02-23,418.6
2010-02-24,417.9
2010-02-25,415.3
2010-02-26,417.8
2010-01-03,419.9
2010-02-03,423.8
2010-03-03,425.8
2010-04-03,425.0
2010-05-03,423.2
2010-08-03,419.0
2010-09-03,416.2
2010-10-03,415.8
2010-11-03,411.8
2010-12-03,411.0
2010-03-15,411.6
2010-03-16,418.8
2010-03-17,415.6
2010-03-18,417.2
2010-03-19,411.3
2010-03-22,409.0
2010-03-23,410.7
2010-03-24,406.7
2010-03-25,406.7
2010-03-26,405.6
2010-03-29,407.1
2010-03-30,408.1
2010-03-31,409.5
2010-01-04,412.4
2010-02-04,412.4
2010-05-04,408.2
2010-06-04,411.7
2010-07-04,415.9
2010-08-04,417.3
2010-09-04,417.3
2010-12-04,421.2
2010-04-13,417.6
2010-04-14,419.6
2010-04-15,419.5
2010-04-16,417.3
2010-04-19,415.6
2010-04-20,416.5
2010-04-21,416.4
2010-04-22,412.8
2010-04-23,414.0
2010-04-26,419.1
2010-04-27,417.7
2010-04-28,423.8
2010-04-29,424.7
2010-04-30,427.7
2010-03-05,429.3
2010-04-05,432.3
2010-05-05,428.1
2010-06-05,439.1
2010-07-05,447.1
2010-10-05,438.8
2010-11-05,452.6
2010-12-05,456.5
2010-05-13,456.1
2010-05-14,457.1
2010-05-17,461.0
2010-05-18,453.6
2010-05-19,453.0
2010-05-20,456.3
2010-05-21,452.8
2010-05-24,455.9
2010-05-25,467.4
2010-05-26,468.7
2010-05-27,468.3
2010-05-28,457.6
2010-05-31,457.8
2010-01-06,473.4
2010-02-06,466.8
2010-03-06,463.5
2010-04-06,461.1
2010-07-06,467.8
2010-08-06,478.1
2010-09-06,474.2
2010-10-06,467.4
2010-11-06,467.1
2010-06-14,465.2
2010-06-15,466.3
2010-06-16,470.1
2010-06-17,471.4
2010-06-18,473.9
2010-06-21,469.3
2010-06-22,467.4
2010-06-23,463.1
2010-06-24,470.0
2010-06-25,474.5
2010-06-28,476.4
2010-06-29,469.2
2010-06-30,472.4
2010-01-07,470.0
2010-02-07,459.4
2010-05-07,462.0
2010-06-07,458.3
2010-07-07,458.8
2010-08-07,457.3
2010-09-07,461.2
2010-12-07,460.9
2010-07-13,464.8
2010-07-14,460.9
2010-07-15,460.4
2010-07-16,454.9
2010-07-19,455.0
2010-07-20,458.1
2010-07-21,459.5
2010-07-22,462.2
2010-07-23,456.9
2010-07-26,455.3
2010-07-27,445.6
2010-07-28,442.4
2010-07-29,442.3
2010-07-30,443.6
2010-02-08,449.4
2010-03-08,448.2
2010-04-08,452.8
2010-05-08,450.3
2010-06-08,455.8
2010-09-08,453.7
2010-10-08,452.5
2010-11-08,460.4
2010-12-08,463.9
2010-08-13,464.3
2010-08-16,468.2
2010-08-17,467.6
2010-08-18,463.7
2010-08-19,469.6
2010-08-20,466.9
2010-08-23,467.8
2010-08-24,468.9
2010-08-25,474.6
2010-08-26,473.8
2010-08-27,473.7
2010-08-30,473.8
2010-08-31,479.2
2010-01-09,477.1
2010-02-09,477.0
2010-03-09,472.6
2010-06-09,475.2
2010-07-09,481.3
2010-08-09,478.7
2010-09-09,476.8
2010-10-09,473.6
2010-09-13,471.8
2010-09-14,480.6
2010-09-15,480.1
2010-09-16,480.1
2010-09-17,478.0
2010-09-20,478.0
2010-09-21,476.2
2010-09-22,482.1
2010-09-23,481.7
2010-09-24,479.9
2010-09-27,477.3
2010-09-28,477.8
2010-09-29,480.4
2010-09-30,480.2
2010-01-10,478.6
2010-04-10,478.8
2010-05-10,485.8
2010-06-10,489.9
2010-07-10,486.1
2010-08-10,487.3
2010-11-10,490.8
2010-12-10,492.5
2010-10-13,497.0
2010-10-14,495.2
2010-10-15,493.3
2010-10-18,496.0
2010-10-19,485.6
2010-10-20,485.5
2010-10-21,486.6
2010-10-22,482.2
2010-10-25,485.1
2010-10-26,483.1
2010-10-27,481.4
2010-10-28,485.5
2010-10-29,489.2
2010-01-11,492.5
2010-02-11,490.1
2010-03-11,488.0
2010-04-11,499.3
2010-05-11,504.5
2010-08-11,504.4
2010-09-11,514.9
2010-10-11,503.7
2010-11-11,506.7
2010-12-11,508.0
2010-11-15,506.1
2010-11-16,499.8
2010-11-17,495.6
2010-11-18,499.3
2010-11-19,497.2
2010-11-22,503.7
2010-11-23,513.3
2010-11-24,512.9
2010-11-25,511.1
2010-11-26,507.9
2010-11-29,509.7
2010-11-30,519.1
2010-01-12,514.0
2010-02-12,514.2
2010-03-12,517.7
2010-06-12,520.3
2010-07-12,518.4
2010-08-12,510.7
2010-09-12,514.3
2010-10-12,506.6
2010-12-13,516.2
2010-12-14,512.5
2010-12-15,515.5
2010-12-16,505.3
2010-12-17,507.4
2010-12-20,513.1
2010-12-21,511.5
2010-12-22,511.4
2010-12-23,507.2
2010-12-24,506.9
2010-12-27,508.1
2010-12-28,506.4
2010-12-29,520.2
2010-12-30,516.6
2010-12-31,513.9
2011-03-01,514.0
2011-04-01,510.7
2011-05-01,507.0
2011-06-01,506.3
2011-07-01,507.3
2011-10-01,508.5
2011-11-01,507.6
2011-12-01,508.8
2011-01-13,511.0
2011-01-14,507.3
2011-01-17,506.4
2011-01-18,508.4
2011-01-19,509.9
2011-01-20,500.9
2011-01-21,501.1
2011-01-24,501.8
2011-01-25,494.7
2011-01-26,496.2
2011-01-27,497.7
2011-01-28,493.6
2011-01-31,498.1
2011-01-02,498.2
2011-02-02,498.8
2011-03-02,495.3
2011-04-02,505.1
2011-07-02,501.1
2011-08-02,505.0
2011-09-02,507.6
2011-10-02,506.0
2011-11-02,509.5
2011-02-14,507.8
2011-02-15,510.8
2011-02-16,510.3
2011-02-17,511.2
2011-02-18,511.4
2011-02-21,516.1
2011-02-22,518.5
2011-02-23,520.0
2011-02-24,524.8
2011-02-25,519.8
2011-02-28,522.2
2011-01-03,522.1
2011-02-03,527.5
2011-03-03,523.5
2011-04-03,524.9
2011-07-03,529.5
2011-08-03,525.7
2011-09-03,526.6
2011-10-03,522.0
2011-11-03,522.2
2011-03-14,524.1
2011-03-15,518.1
2011-03-16,517.2
2011-03-17,518.6
2011-03-18,523.9
2011-03-21,527.0
2011-03-22,524.3
2011-03-23,527.9
2011-03-24,529.4
2011-03-25,524.5
2011-03-28,519.5
2011-03-29,518.7
2011-03-30,521.6
2011-03-31,524.7
2011-01-04,517.0
2011-04-04,523.4
2011-05-04,520.7
2011-06-04,527.8
2011-07-04,527.5
2011-08-04,529.5
2011-11-04,532.8
2011-12-04,526.5
2011-04-13,530.4
2011-04-14,533.4
2011-04-15,535.3
2011-04-18,542.7
2011-04-19,542.1
2011-04-20,544.0
2011-04-21,545.8
2011-04-22,545.8
2011-04-25,547.0
2011-04-26,545.0
2011-04-27,549.0
2011-04-28,557.9
2011-04-29,555.1
2011-02-05,556.6
2011-03-05,560.6
2011-04-05,560.3
2011-05-05,553.1
2011-06-05,544.4
2011-09-05,548.8
2011-10-05,553.8
2011-11-05,551.0
2011-12-05,547.9
2011-05-13,552.4
2011-05-16,554.1
2011-05-17,545.9
2011-05-18,551.4
2011-05-19,549.0
2011-05-20,548.4
2011-05-23,558.6
2011-05-24,564.5
2011-05-25,565.8
2011-05-26,562.5
2011-05-27,566.1
2011-05-30,565.0
2011-05-31,565.9
2011-01-06,562.4
2011-02-06,564.2
2011-03-06,564.2
2011-06-06,566.8
2011-07-06,564.4
2011-08-06,562.2
2011-09-06,562.5
2011-10-06,559.2
2011-06-13,559.9
2011-06-14,554.6
2011-06-15,560.1
2011-06-16,559.3
2011-06-17,564.0
2011-06-20,568.1
2011-06-21,566.5
2011-06-22,569.8
2011-06-23,559.8
2011-06-24,557.3
2011-06-27,551.6
2011-06-28,552.0
2011-06-29,551.7
2011-06-30,550.3
2011-01-07,540.6
2011-04-07,543.1
2011-05-07,548.1
2011-06-07,555.4
2011-07-07,554.9
2011-08-07,558.7
2011-11-07,565.8
2011-12-07,566.7
2011-07-13,574.8
2011-07-14,578.7
2011-07-15,577.6
2011-07-18,582.7
2011-07-19,582.5
2011-07-20,576.4
2011-07-21,582.6
2011-07-22,581.0
2011-07-25,585.8
2011-07-26,582.6
2011-07-27,585.7
2011-07-28,581.5
2011-07-29,588.4
2011-01-08,585.0
2011-02-08,592.9
2011-03-08,604.8
2011-04-08,611.7
2011-05-08,606.7
2011-08-08,622.5
2011-09-08,641.7
2011-10-08,655.7
2011-11-08,653.5
2011-12-08,643.6
2011-08-15,644.7
2011-08-16,661.5
2011-08-17,664.6
2011-08-18,682.2
2011-08-19,691.2
2011-08-22,701.0
2011-08-23,699.9
2011-08-24,665.9
2011-08-25,650.9
2011-08-26,674.8
2011-08-29,673.2
2011-08-30,687.2
2011-08-31,682.8
2011-01-09,685.6
2011-02-09,702.0
2011-05-09,712.6
2011-06-09,714.4
2011-07-09,683.2
2011-08-09,700.6
2011-09-09,704.7
2011-12-09,708.1
2011-09-13,708.3
2011-09-14,708.3
2011-09-15,693.0
2011-09-16,693.3
2011-09-19,701.3
2011-09-20,706.9
2011-09-21,708.5
2011-09-22,698.0
2011-09-23,682.7
2011-09-26,646.1
2011-09-27,665.6
2011-09-28,655.0
2011-09-29,645.9
2011-09-30,648.7
2011-03-10,665.4
2011-04-10,661.7
2011-05-10,652.4
2011-06-10,659.7
2011-07-10,664.0
2011-10-10,665.1
2011-11-10,670.9
2011-12-10,673.3
2011-10-13,665.2
2011-10-14,672.5
2011-10-17,673.3
2011-10-18,657.4
2011-10-19,664.2
2011-10-20,659.7
2011-10-21,671.8
2011-10-24,673.0
2011-10-25,670.3
2011-10-26,694.2
2011-10-27,695.4
2011-10-28,694.0
2011-10-31,685.6
2011-01-11,684.5
2011-02-11,701.0
2011-03-11,706.4
2011-04-11,702.2
2011-07-11,715.5
2011-08-11,726.2
2011-09-11,732.0
2011-10-11,720.5
2011-11-11,726.6
2011-11-14,730.3
2011-11-15,739.4
2011-11-16,728.6
2011-11-17,725.3
2011-11-18,721.6
2011-11-21,725.9
2011-11-22,726.5
2011-11-23,719.7
2011-11-24,720.6
2011-11-25,721.1
2011-11-28,728.2
2011-11-29,730.4
2011-11-30,745.3
2011-01-12,737.2
2011-02-12,731.4
2011-05-12,733.1
2011-06-12,718.0
2011-07-12,733.9
2011-08-12,725.7
2011-09-12,727.1
2011-12-12,717.0
2011-12-13,727.9
2011-12-14,704.0
2011-12-15,690.4
2011-12-16,687.0
2011-12-19,689.7
2011-12-20,697.6
2011-12-21,690.4
2011-12-22,692.6
2011-12-23,695.7
2011-12-26,695.7
2011-12-27,696.6
2011-12-28,680.6
2011-12-29,664.1
2011-12-30,664.8
2012-02-01,664.8
2012-03-01,695.3
2012-04-01,698.4
2012-05-01,692.7
2012-06-01,696.8
2012-09-01,693.3
2012-10-01,692.1
2012-11-01,693.7
2012-12-01,700.8
2012-01-13,689.2
2012-01-16,689.2
2012-01-17,687.0
2012-01-18,678.4
2012-01-19,680.0
2012-01-20,680.2
2012-01-23,686.3
2012-01-24,681.9
2012-01-25,676.1
2012-01-26,707.7
2012-01-27,695.9
2012-01-30,704.0
2012-01-31,705.1
2012-01-02,701.0
2012-02-02,703.7
2012-03-02,690.3
2012-06-02,689.5
2012-07-02,693.6
2012-08-02,701.7
2012-09-02,707.5
2012-10-02,691.4
2012-02-13,691.8
2012-02-14,695.0
2012-02-15,698.4
2012-02-16,690.4
2012-02-17,694.2
2012-02-20,698.2
2012-02-21,704.8
2012-02-22,705.1
2012-02-23,714.8
2012-02-24,711.2
2012-02-27,713.2
2012-02-28,714.6
2012-02-29,709.3
2012-01-03,689.7
2012-02-03,690.9
2012-05-03,694.8
2012-06-03,687.3
2012-07-03,689.7
2012-08-03,694.8
2012-09-03,687.7
2012-12-03,693.6
2012-03-13,689.9
2012-03-14,671.1
2012-03-15,678.9
2012-03-16,680.3
2012-03-19,682.4
2012-03-20,682.7
2012-03-21,683.2
2012-03-22,684.3
2012-03-23,696.3
2012-03-26,705.2
2012-03-27,702.3
2012-03-28,696.6
2012-03-29,695.7
2012-03-30,692.5
2012-02-04,698.8
2012-03-04,694.7
2012-04-04,676.9
2012-05-04,681.1
2012-06-04,681.1
2012-09-04,684.1
2012-10-04,690.4
2012-11-04,697.3
2012-12-04,702.2
2012-04-13,700.8
2012-04-16,698.4
2012-04-17,689.6
2012-04-18,695.3
2012-04-19,701.5
2012-04-20,699.2
2012-04-23,699.8
2012-04-24,711.7
2012-04-25,704.4
2012-04-26,710.3
2012-04-27,714.9
2012-04-30,711.5
2012-01-05,717.0
2012-02-05,714.0
2012-03-05,715.7
2012-04-05,719.9
2012-07-05,711.0
2012-08-05,697.4
2012-09-05,695.0
2012-10-05,697.7
2012-11-05,693.2
2012-05-14,686.1
2012-05-15,684.8
2012-05-16,689.9
2012-05-17,693.2
2012-05-18,708.0
2012-05-21,715.8
2012-05-22,717.3
2012-05-23,710.4
2012-05-24,715.4
2012-05-25,711.0
2012-05-28,710.4
2012-05-29,720.8
2012-05-30,706.7
2012-05-31,715.4
2012-01-06,733.9
2012-04-06,729.2
2012-05-06,730.7
2012-06-06,740.6
2012-07-06,723.7
2012-08-06,715.5
2012-11-06,722.2
2012-12-06,730.5
2012-06-13,736.0
2012-06-14,736.9
2012-06-15,740.8
2012-06-18,739.6
2012-06-19,744.2
2012-06-20,734.0
2012-06-21,729.1
2012-06-22,731.8
2012-06-25,732.9
2012-06-26,735.0
2012-06-27,735.7
2012-06-28,725.9
2012-06-29,729.8
2012-02-07,723.7
2012-03-07,722.8
2012-04-07,718.3
2012-05-07,723.1
2012-06-07,721.4
2012-09-07,724.2
2012-10-07,722.4
2012-11-07,714.6
2012-12-07,710.9
2012-07-13,719.7
2012-07-16,718.5
2012-07-17,714.8
2012-07-18,714.3
2012-07-19,714.3
2012-07-20,711.6
2012-07-23,718.9
2012-07-24,727.1
2012-07-25,735.2
2012-07-26,737.6
2012-07-27,732.2
2012-07-30,733.9
2012-07-31,737.6
2012-01-08,725.4
2012-02-08,729.1
2012-03-08,730.3
2012-06-08,730.1
2012-07-08,726.5
2012-08-08,729.2
2012-09-08,730.6
2012-10-08,732.1
2012-08-13,735.2
2012-08-14,728.3
2012-08-15,730.1
2012-08-16,733.5
2012-08-17,735.1
2012-08-20,735.2
2012-08-21,744.3
2012-08-22,744.9
2012-08-23,752.7
2012-08-24,756.1
2012-08-27,758.9
2012-08-28,760.0
2012-08-29,755.0
2012-08-30,755.1
2012-08-31,749.8
2012-03-09,768.1
2012-04-09,772.1
2012-05-09,771.9
2012-06-09,775.2
2012-07-09,783.0
2012-10-09,785.5
2012-11-09,786.3
2012-12-09,784.0
2012-09-13,785.3
2012-09-14,790.0
2012-09-17,779.0
2012-09-18,782.1
2012-09-19,780.9
2012-09-20,780.8
2012-09-21,780.8
2012-09-24,771.1
2012-09-25,774.3
2012-09-26,763.6
2012-09-27,767.2
2012-09-28,765.9
2012-01-10,768.9
2012-02-10,764.0
2012-03-10,758.1
2012-04-10,759.8
2012-05-10,756.8
2012-08-10,760.9
2012-09-10,766.2
2012-10-10,765.2
2012-11-10,761.8
2012-12-10,764.0
2012-10-15,752.7
2012-10-16,756.3
2012-10-17,756.3
2012-10-18,757.1
2012-10-19,764.6
2012-10-22,756.4
2012-10-23,752.7
2012-10-24,750.7
2012-10-25,752.9
2012-10-26,753.1
2012-10-29,753.6
2012-10-30,755.6
2012-10-31,756.1
2012-01-11,754.4
2012-02-11,740.6
2012-05-11,750.9
2012-06-11,752.6
2012-07-11,758.2
2012-08-11,765.2
2012-09-11,778.2
2012-12-11,779.9
2012-11-13,775.9
2012-11-14,775.6
2012-11-15,766.1
2012-11-16,771.8
2012-11-19,779.1
2012-11-20,780.3
2012-11-21,776.9
2012-11-22,781.6
2012-11-23,788.3
2012-11-26,797.9
2012-11-27,792.8
2012-11-28,775.4
2012-11-29,774.7
2012-11-30,767.6
2012-03-12,768.9
2012-04-12,758.5
2012-05-12,755.9
2012-06-12,749.4
2012-07-12,757.9
2012-10-12,763.3
2012-11-12,759.1
2012-12-12,761.2
2012-12-13,753.4
2012-12-14,756.6
2012-12-17,759.7
2012-12-18,760.4
2012-12-19,743.3
2012-12-20,740.4
2012-12-21,744.1
2012-12-24,742.2
2012-12-25,742.2
2012-12-26,740.7
2012-12-27,743.9
2012-12-28,742.8
2012-12-31,742.5
2013-01-01,742.5
2013-02-01,753.6
2013-03-01,749.4
2013-04-01,742.7
2013-07-01,743.3
2013-08-01,745.7
2013-09-01,743.5
2013-10-01,748.7
2013-11-01,742.5
2013-01-14,742.0
2013-01-15,750.2
2013-01-16,750.7
2013-01-17,743.5
2013-01-18,743.0
2013-01-21,743.2
2013-01-22,743.8
2013-01-23,741.9
2013-01-24,733.6
2013-01-25,728.8
2013-01-28,730.1
2013-01-29,731.0
2013-01-30,732.4
2013-01-31,724.0
2013-01-02,725.9
2013-04-02,725.4
2013-05-02,726.9
2013-06-02,728.7
2013-07-02,726.7
2013-08-02,730.4
2013-11-02,726.2
2013-12-02,726.5
2013-02-13,723.4
2013-02-14,725.3
2013-02-15,714.1
2013-02-18,714.8
2013-02-19,713.5
2013-02-20,702.5
2013-02-21,702.7
2013-02-22,698.6
2013-02-25,698.9
2013-02-26,704.3
2013-02-27,706.7
2013-02-28,706.6
2013-01-03,710.3
2013-04-03,706.3
2013-05-03,708.4
2013-06-03,705.0
2013-07-03,704.3
2013-08-03,702.5
2013-11-03,702.5
2013-12-03,708.0
2013-03-13,706.0
2013-03-14,704.3
2013-03-15,705.0
2013-03-18,710.8
2013-03-19,716.7
2013-03-20,714.0
2013-03-21,716.4
2013-03-22,714.3
2013-03-25,708.5
2013-03-26,710.5
2013-03-27,712.7
2013-03-28,710.2
2013-03-29,710.2
2013-01-04,710.2
2013-02-04,702.8
2013-03-04,700.9
2013-04-04,693.5
2013-05-04,703.0
2013-08-04,702.5
2013-09-04,704.5
2013-10-04,702.4
2013-11-04,697.9
2013-12-04,685.1
2013-04-15,623.1
2013-04-16,611.8
2013-04-17,616.4
2013-04-18,616.2
2013-04-19,621.4
2013-04-22,631.1
2013-04-23,626.0
2013-04-24,635.1
2013-04-25,642.9
2013-04-26,654.5
2013-04-29,651.1
2013-04-30,647.1
2013-01-05,640.8
2013-02-05,647.0
2013-03-05,648.2
2013-06-05,651.4
2013-07-05,638.8
2013-08-05,649.7
2013-09-05,649.8
2013-10-05,637.8
2013-05-13,641.1
2013-05-14,642.2
2013-05-15,632.7
2013-05-16,618.8
2013-05-17,614.1
2013-05-20,610.4
2013-05-21,615.1
2013-05-22,639.9
2013-05-23,628.0
2013-05-24,632.1
2013-05-27,631.6
2013-05-28,629.4
2013-05-29,635.1
2013-05-30,650.0
2013-05-31,644.0
2013-03-06,651.3
2013-04-06,645.9
2013-05-06,651.7
2013-06-06,651.2
2013-07-06,646.8
2013-10-06,655.0
2013-11-06,657.3
2013-12-06,653.1
2013-06-13,657.3
2013-06-14,654.7
2013-06-17,654.3
2013-06-18,656.7
2013-06-19,659.3
2013-06-20,631.4
2013-06-21,626.7
2013-06-24,628.9
2013-06-25,624.2
2013-06-26,612.2
2013-06-27,607.4
2013-06-28,579.2
2013-01-07,603.9
2013-02-07,611.1
2013-03-07,616.0
2013-04-07,615.3
2013-05-07,598.9
2013-08-07,614.7
2013-09-07,619.3
2013-10-07,616.0
2013-11-07,628.1
2013-12-07,627.0
2013-07-15,628.8
2013-07-16,625.3
2013-07-17,631.0
2013-07-18,625.4
2013-07-19,631.8
2013-07-22,646.3
2013-07-23,651.6
2013-07-24,645.0
2013-07-25,641.0
2013-07-26,641.9
2013-07-29,645.5
2013-07-30,653.5
2013-07-31,653.5
2013-01-08,648.0
2013-02-08,652.0
2013-05-08,649.4
2013-06-08,643.3
2013-07-08,641.8
2013-08-08,646.1
2013-09-08,651.4
2013-12-08,670.4
2013-08-13,663.5
2013-08-14,666.2
2013-08-15,667.8
2013-08-16,690.9
2013-08-19,702.5
2013-08-20,713.2
2013-08-21,716.5
2013-08-22,728.1
2013-08-23,720.9
2013-08-26,726.3
2013-08-27,765.5
2013-08-28,790.9
2013-08-29,768.8
2013-08-30,753.5
2013-02-09,752.5
2013-03-09,777.8
2013-04-09,760.8
2013-05-09,749.3
2013-06-09,740.6
2013-09-09,742.2
2013-10-09,710.3
2013-11-09,705.9
2013-12-09,691.3
2013-09-13,683.4
2013-09-16,680.2
2013-09-17,678.4
2013-09-18,673.0
2013-09-19,691.5
2013-09-20,687.7
2013-09-23,676.0
2013-09-24,674.1
2013-09-25,674.4
2013-09-26,676.5
2013-09-27,684.8
2013-09-30,679.0
2013-01-10,658.9
2013-02-10,666.8
2013-03-10,664.6
2013-04-10,660.6
2013-07-10,669.3
2013-08-10,672.5
2013-09-10,660.1
2013-10-10,653.9
2013-11-10,632.6
2013-10-14,646.1
2013-10-15,642.6
2013-10-16,644.2
2013-10-17,661.1
2013-10-18,659.3
2013-10-21,662.5
2013-10-22,672.0
2013-10-23,670.5
2013-10-24,675.3
2013-10-25,678.8
2013-10-28,684.4
2013-10-29,677.3
2013-10-30,679.0
2013-10-31,665.3
2013-01-11,660.8
2013-04-11,667.7
2013-05-11,659.2
2013-06-11,672.1
2013-07-11,669.0
2013-08-11,659.3
2013-11-11,663.5
2013-12-11,666.7
2013-11-13,660.5
2013-11-14,665.2
2013-11-15,665.8
2013-11-18,655.3
2013-11-19,649.8
2013-11-20,642.8
2013-11-21,637.8
2013-11-22,640.8
2013-11-25,634.8
2013-11-26,637.1
2013-11-27,633.6
2013-11-28,635.5
2013-11-29,640.2
2013-02-12,625.9
2013-03-12,620.6
2013-04-12,624.0
2013-05-12,617.5
2013-06-12,621.3
2013-09-12,618.0
2013-10-12,632.5
2013-11-12,631.7
2013-12-12,618.3
2013-12-13,626.2
2013-12-16,625.1
2013-12-17,624.1
2013-12-18,623.8
2013-12-19,607.6
2013-12-20,607.3
2013-12-23,607.6
2013-12-24,607.1
2013-12-25,607.1
2013-12-26,608.5
2013-12-27,614.9
2013-12-30,610.2
2013-12-31,609.2
2014-01-01,609.2
2014-02-01,623.1
2014-03-01,627.9
2014-06-01,635.3
2014-07-01,625.5
2014-08-01,620.7
2014-09-01,622.2
2014-10-01,630.2
2014-01-13,628.3
2014-01-14,630.1
2014-01-15,622.1
2014-01-16,624.9
2014-01-17,628.3
2014-01-20,632.4
2014-01-21,626.2
2014-01-22,627.5
2014-01-23,639.8
2014-01-24,647.4
2014-01-27,651.8
2014-01-28,641.0
2014-01-29,645.5
2014-01-30,636.7
2014-01-31,640.9
2014-03-02,646.9
2014-04-02,640.1
2014-05-02,641.4
2014-06-02,642.3
2014-07-02,642.1
2014-10-02,651.1
2014-11-02,652.7
2014-12-02,654.7
2014-02-13,660.9
2014-02-14,670.1
2014-02-17,672.3
2014-02-18,672.0
2014-02-19,671.9
2014-02-20,670.0
2014-02-21,671.6
2014-02-24,677.1
2014-02-25,678.6
2014-02-26,675.3
2014-02-27,675.5
2014-02-28,672.2
2014-03-03,684.4
2014-04-03,676.0
2014-05-03,674.4
2014-06-03,673.7
2014-07-03,667.0
2014-10-03,669.0
2014-11-03,670.5
2014-12-03,683.2
2014-03-13,684.2
2014-03-14,692.7
2014-03-17,689.4
2014-03-18,677.1
2014-03-19,667.4
2014-03-20,664.6
2014-03-21,666.8
2014-03-24,651.7
2014-03-25,649.5
2014-03-26,641.1
2014-03-27,638.1
2014-03-28,632.2
2014-03-31,630.8
2014-01-04,626.9
2014-02-04,631.8
2014-03-04,632.0
2014-04-04,638.4
2014-07-04,638.3
2014-08-04,643.5
2014-09-04,639.8
2014-10-04,649.1
2014-11-04,649.1
2014-04-14,652.9
2014-04-15,639.3
2014-04-16,642.3
2014-04-17,641.5
2014-04-18,641.5
2014-04-21,642.3
2014-04-22,640.6
2014-04-23,641.6
2014-04-24,644.7
2014-04-25,645.3
2014-04-28,643.2
2014-04-29,641.1
2014-04-30,635.4
2014-01-05,630.5
2014-02-05,630.8
2014-05-05,630.4
2014-06-05,641.6
2014-07-05,636.4
2014-08-05,631.4
2014-09-05,633.4
2014-12-05,635.7
2014-05-13,633.7
2014-05-14,638.0
2014-05-15,628.2
2014-05-16,623.3
2014-05-19,622.6
2014-05-20,622.4
2014-05-21,618.6
2014-05-22,621.2
2014-05-23,616.2
2014-05-26,620.7
2014-05-27,615.6
2014-05-28,608.2
2014-05-29,605.6
2014-05-30,604.2
2014-02-06,602.7
2014-03-06,603.1
2014-04-06,604.2
2014-05-06,607.4
2014-06-06,603.5
2014-09-06,606.3
2014-10-06,610.5
2014-11-06,611.7
2014-12-06,613.5
2014-06-13,621.7
2014-06-16,626.8
2014-06-17,623.1
2014-06-18,627.0
2014-06-19,635.5
2014-06-20,645.6
2014-06-23,646.5
2014-06-24,647.9
2014-06-25,647.9
2014-06-26,645.2
2014-06-27,647.3
2014-06-30,646.7
2014-01-07,652.2
2014-02-07,647.2
2014-03-07,644.5
2014-04-07,645.2
2014-07-07,644.4
2014-08-07,647.1
2014-09-07,646.6
2014-10-07,657.3
2014-11-07,655.6
2014-07-14,642.1
2014-07-15,644.1
2014-07-16,639.9
2014-07-17,640.4
2014-07-18,644.8
2014-07-21,646.7
2014-07-22,645.5
2014-07-23,642.6
2014-07-24,635.2
2014-07-25,636.4
2014-07-28,641.4
2014-07-29,638.8
2014-07-30,636.0
2014-07-31,636.0
2014-01-08,644.8
2014-04-08,643.6
2014-05-08,638.8
2014-06-08,656.4
2014-07-08,654.0
2014-08-08,656.2
2014-11-08,653.9
2014-12-08,657.4
2014-08-13,657.1
2014-08-14,653.1
2014-08-15,644.4
2014-08-18,644.8
2014-08-19,643.6
2014-08-20,641.9
2014-08-21,632.8
2014-08-22,632.1
2014-08-25,632.3
2014-08-26,636.0
2014-08-27,634.1
2014-08-28,641.0
2014-08-29,637.9
2014-01-09,636.4
2014-02-09,628.3
2014-03-09,625.7
2014-04-09,628.6
2014-05-09,625.3
2014-08-09,620.4
2014-09-09,621.7
2014-10-09,622.9
2014-11-09,617.6
2014-12-09,611.4
2014-09-15,616.6
2014-09-16,615.6
2014-09-17,615.5
2014-09-18,607.6
2014-09-19,607.0
2014-09-22,603.6
2014-09-23,609.4
2014-09-24,606.6
2014-09-25,609.2
2014-09-26,607.0
2014-09-29,613.2
2014-09-30,614.3
2014-01-10,613.0
2014-02-10,610.6
2014-03-10,602.1
2014-06-10,602.5
2014-07-10,608.3
2014-08-10,610.8
2014-09-10,612.1
2014-10-10,610.8
2014-10-13,614.9
2014-10-14,619.7
2014-10-15,621.1
2014-10-16,625.7
2014-10-17,620.1
2014-10-20,624.2
2014-10-21,627.1
2014-10-22,622.5
2014-10-23,617.0
2014-10-24,617.0
2014-10-27,616.3
2014-10-28,616.4
2014-10-29,613.4
2014-10-30,604.1
2014-10-31,584.5
2014-03-11,586.4
2014-04-11,585.8
2014-05-11,573.7
2014-06-11,575.2
2014-07-11,581.8
2014-10-11,584.0
2014-11-11,582.6
2014-12-11,585.5
2014-11-13,584.7
2014-11-14,590.4
2014-11-17,597.0
2014-11-18,602.1
2014-11-19,605.9
2014-11-20,602.9
2014-11-21,608.3
2014-11-24,606.6
2014-11-25,606.7
2014-11-26,605.9
2014-11-27,604.5
2014-11-28,600.1
2014-01-12,606.1
2014-02-12,605.0
2014-03-12,609.3
2014-04-12,612.0
2014-05-12,604.0
2014-08-12,603.6
2014-09-12,621.0
2014-10-12,623.4
2014-11-12,619.8
2014-12-12,619.9
2014-12-15,622.0
2014-12-16,624.0
2014-12-17,621.6
2014-12-18,619.2
2014-12-19,618.6
2014-12-22,618.2
2014-12-23,608.5
2014-12-24,610.8
2014-12-25,610.8
2014-12-26,611.8
2014-12-29,617.5
2014-12-30,625.0
2014-12-31,622.4
2015-01-01,622.4
2015-02-01,606.6
2015-05-01,621.5
2015-06-01,629.6
2015-07-01,626.1
2015-08-01,623.5
2015-09-01,621.2
2015-12-01,624.1
2015-01-13,625.7
2015-01-14,627.8
2015-01-15,638.2
2015-01-16,647.7
2015-01-19,643.1
2015-01-20,650.3
2015-01-21,651.7
2015-01-22,653.4
2015-01-23,651.4
2015-01-26,644.6
2015-01-27,647.0
2015-01-28,646.0
2015-01-29,641.3
2015-01-30,638.2
2015-02-02,643.7
2015-03-02,637.9
2015-04-02,641.1
2015-05-02,635.4
2015-06-02,626.3
2015-09-02,629.4
2015-10-02,626.7
2015-11-02,623.0
2015-12-02,622.3
2015-02-13,626.4
2015-02-16,625.3
2015-02-17,615.3
2015-02-18,614.7
2015-02-19,616.5
2015-02-20,614.6
2015-02-23,613.0
2015-02-24,607.3
2015-02-25,610.8
2015-02-26,610.0
2015-02-27,613.5
2015-02-03,614.2
2015-03-03,613.8
2015-04-03,609.6
2015-05-03,611.4
2015-06-03,598.0
2015-09-03,597.6
2015-10-03,595.5
2015-11-03,590.6
2015-12-03,589.3
2015-03-13,593.2
2015-03-16,591.3
2015-03-17,590.0
2015-03-18,588.3
2015-03-19,596.2
2015-03-20,604.2
2015-03-23,603.9
2015-03-24,606.2
2015-03-25,609.8
2015-03-26,617.2
2015-03-27,610.8
2015-03-30,607.3
2015-03-31,607.4
2015-01-04,612.5
2015-02-04,613.3
2015-03-04,613.3
2015-06-04,609.8
2015-07-04,616.9
2015-08-04,614.5
2015-09-04,608.0
2015-10-04,615.0
2015-04-13,612.6
2015-04-14,610.5
2015-04-15,609.0
2015-04-16,613.4
2015-04-17,613.4
2015-04-20,615.2
2015-04-21,614.4
2015-04-22,611.2
2015-04-23,612.9
2015-04-24,615.1
2015-04-27,623.2
2015-04-28,624.0
2015-04-29,625.9
2015-04-30,612.9
2015-01-05,610.7
2015-04-05,610.7
2015-05-05,621.1
2015-06-05,620.3
2015-07-05,623.6
2015-08-05,620.2
2015-11-05,621.6
2015-12-05,625.1
2015-05-13,633.4
2015-05-14,637.7
2015-05-15,633.9
2015-05-18,636.8
2015-05-19,632.4
2015-05-20,631.9
2015-05-21,627.2
2015-05-22,625.5
2015-05-25,625.5
2015-05-26,620.3
2015-05-27,621.1
2015-05-28,618.4
2015-05-29,622.1
2015-01-06,624.9
2015-02-06,623.0
2015-03-06,621.9
2015-04-06,615.5
2015-05-06,607.6
2015-08-06,614.9
2015-09-06,615.5
2015-10-06,620.3
2015-11-06,616.5
2015-12-06,620.2
2015-06-15,619.2
2015-06-16,619.0
2015-06-17,618.0
2015-06-18,627.0
2015-06-19,625.3
2015-06-22,615.8
2015-06-23,612.5
2015-06-24,610.7
2015-06-25,609.8
2015-06-26,608.7
2015-06-29,614.4
2015-06-30,609.7
2015-01-07,607.5
2015-02-07,605.2
2015-03-07,606.0
2015-06-07,605.1
2015-07-07,600.1
2015-08-07,602.4
2015-09-07,604.0
2015-10-07,600.8
2015-07-13,599.1
2015-07-14,600.4
2015-07-15,595.1
2015-07-16,594.4
2015-07-17,587.8
2015-07-20,574.5
2015-07-21,574.7
2015-07-22,566.0
2015-07-23,572.3
2015-07-24,565.6
2015-07-27,577.3
2015-07-28,573.2
2015-07-29,569.2
2015-07-30,569.2
2015-07-31,575.8
2015-03-08,571.7
2015-04-08,568.8
2015-05-08,565.6
2015-06-08,568.3
2015-07-08,570.7
2015-10-08,572.8
2015-11-08,582.2
2015-12-08,592.9
2015-08-13,594.9
2015-08-14,594.4
2015-08-17,597.4
2015-08-18,593.5
2015-08-19,599.9
2015-08-20,615.0
2015-08-21,622.9
2015-08-24,636.0
2015-08-25,613.2
2015-08-26,606.1
2015-08-27,603.8
2015-08-28,613.6
2015-08-31,616.9
2015-01-09,618.7
2015-02-09,615.8
2015-03-09,610.9
2015-04-09,607.9
2015-07-09,611.8
2015-08-09,610.0
2015-09-09,602.4
2015-10-09,602.8
2015-11-09,598.8
2015-09-14,599.2
2015-09-15,600.5
2015-09-16,607.1
2015-09-17,607.0
2015-09-18,613.8
2015-09-21,609.1
2015-09-22,605.1
2015-09-23,611.1
2015-09-24,625.4
2015-09-25,621.1
2015-09-28,610.8
2015-09-29,610.4
2015-09-30,597.9
2015-01-10,599.9
2015-02-10,611.5
2015-05-10,608.5
2015-06-10,613.6
2015-07-10,608.4
2015-08-10,606.8
2015-09-10,609.7
2015-12-10,617.0
2015-10-13,620.8
2015-10-14,624.2
2015-10-15,627.6
2015-10-16,626.1
2015-10-19,622.6
2015-10-20,626.1
2015-10-21,621.9
2015-10-22,621.9
2015-10-23,616.4
2015-10-26,619.3
2015-10-27,619.2
2015-10-28,626.5
2015-10-29,612.8
2015-10-30,610.3
2015-02-11,608.1
2015-03-11,602.9
2015-04-11,596.9
2015-05-11,594.7
2015-06-11,585.7
2015-09-11,591.5
2015-10-11,590.4
2015-11-11,589.8
2015-12-11,590.6
2015-11-13,585.0
2015-11-16,585.4
2015-11-17,582.9
2015-11-18,579.0
2015-11-19,586.0
2015-11-20,585.3
2015-11-23,581.7
2015-11-24,584.0
2015-11-25,579.5
2015-11-26,583.3
2015-11-27,577.0
2015-11-30,578.7
2015-01-12,579.7
2015-02-12,574.9
2015-03-12,575.3
2015-04-12,589.2
2015-07-12,587.0
2015-08-12,585.6
2015-09-12,591.4
2015-10-12,584.8
2015-11-12,586.4
2015-12-14,586.1
2015-12-15,581.1
2015-12-16,587.1
2015-12-17,570.2
2015-12-18,577.0
2015-12-21,585.1
2015-12-22,583.0
2015-12-23,578.4
2015-12-24,578.4
2015-12-25,578.4
2015-12-28,578.2
2015-12-29,581.0
2015-12-30,575.4
2015-12-31,573.4
2016-01-01,573.4
2016-04-01,589.2
2016-05-01,586.6
2016-06-01,596.1
2016-07-01,605.2
2016-08-01,600.7
2016-11-01,601.0
2016-12-01,593.5
2016-01-13,594.5
2016-01-14,598.3
2016-01-15,605.0
2016-01-18,602.8
2016-01-19,600.8
2016-01-20,612.4
2016-01-21,609.3
2016-01-22,606.4
2016-01-25,613.3
2016-01-26,617.2
2016-01-27,621.0
2016-01-28,621.3
2016-01-29,617.0
2016-01-02,624.9
2016-02-02,627.2
2016-03-02,630.5
2016-04-02,639.7
2016-05-02,636.7
2016-08-02,662.8
2016-09-02,661.8
2016-10-02,660.1
2016-11-02,693.2
2016-12-02,691.4
2016-02-15,672.1
2016-02-16,676.4
2016-02-17,676.9
2016-02-18,677.8
2016-02-19,689.5
2016-02-22,678.9
2016-02-23,684.5
2016-02-24,701.2
2016-02-25,694.5
2016-02-26,689.2
2016-02-29,690.9
2016-01-03,686.7
2016-02-03,684.9
2016-03-03,688.5
2016-04-03,701.6
2016-07-03,696.3
2016-08-03,698.1
2016-09-03,684.9
2016-10-03,694.2
2016-11-03,694.0
2016-03-14,681.9
2016-03-15,678.8
2016-03-16,675.4
2016-03-17,690.6
2016-03-18,681.3
2016-03-21,676.7
2016-03-22,683.4
2016-03-23,664.0
2016-03-24,665.8
2016-03-25,665.8
2016-03-28,664.7
2016-03-29,666.5
2016-03-30,670.9
2016-03-31,669.8
2016-01-04,657.1
2016-04-04,660.6
2016-05-04,669.3
2016-06-04,666.0
2016-07-04,675.7
2016-08-04,674.3
2016-11-04,681.7
2016-12-04,681.7
2016-04-13,678.4
2016-04-14,671.9
2016-04-15,668.3
2016-04-18,671.7
2016-04-19,683.2
2016-04-20,677.8
2016-04-21,677.9
2016-04-22,676.3
2016-04-25,675.4
2016-04-26,675.4
2016-04-27,677.8
2016-04-28,683.2
2016-04-29,697.3
2016-02-05,698.2
2016-03-05,703.1
2016-04-05,698.8
2016-05-05,696.6
2016-06-05,701.8
2016-09-05,688.3
2016-10-05,688.0
2016-11-05,695.4
2016-12-05,697.1
2016-05-13,691.1
2016-05-16,702.4
2016-05-17,697.7
2016-05-18,697.1
2016-05-19,686.5
2016-05-20,691.9
2016-05-23,687.3
2016-05-24,684.3
2016-05-25,672.5
2016-05-26,671.9
2016-05-27,666.7
2016-05-30,668.4
2016-05-31,666.8
2016-01-06,669.5
2016-02-06,667.1
2016-03-06,682.8
2016-06-06,681.9
2016-07-06,677.4
2016-08-06,688.4
2016-09-06,689.9
2016-10-06,696.6
2016-06-13,702.7
2016-06-14,707.8
2016-06-15,704.3
2016-06-16,721.0
2016-06-17,708.0
2016-06-20,706.2
2016-06-21,702.6
2016-06-22,697.6
2016-06-23,694.3
2016-06-24,730.2
2016-06-27,736.1
2016-06-28,727.5
2016-06-29,731.5
2016-06-30,728.9
2016-01-07,737.9
2016-04-07,743.0
2016-05-07,745.2
2016-06-07,753.8
2016-07-07,747.6
2016-08-07,745.9
2016-11-07,745.3
2016-12-07,737.1
2016-07-13,736.1
2016-07-14,724.2
2016-07-15,727.6
2016-07-18,733.2
2016-07-19,730.7
2016-07-20,723.0
2016-07-21,725.9
2016-07-22,724.7
2016-07-25,722.8
2016-07-26,727.6
2016-07-27,729.7
2016-07-28,735.9
2016-07-29,735.0
2016-01-08,736.8
2016-02-08,744.2
2016-03-08,744.1
2016-04-08,745.9
2016-05-08,731.8
2016-08-08,730.5
2016-09-08,733.2
2016-10-08,734.9
2016-11-08,740.4
2016-12-08,739.2
2016-08-15,732.2
2016-08-16,733.7
2016-08-17,733.4
2016-08-18,737.5
2016-08-19,738.0
2016-08-22,733.9
2016-08-23,735.8
2016-08-24,728.3
2016-08-25,724.2
2016-08-26,723.0
2016-08-29,724.5
2016-08-30,722.7
2016-08-31,716.9
2016-01-09,717.3
2016-02-09,724.1
2016-05-09,725.0
2016-06-09,727.5
2016-07-09,731.8
2016-08-09,729.5
2016-09-09,726.2
2016-12-09,724.6
2016-09-13,724.1
2016-09-14,722.8
2016-09-15,717.8
2016-09-16,716.8
2016-09-19,720.0
2016-09-20,720.0
2016-09-21,726.6
2016-09-22,730.5
2016-09-23,729.5
2016-09-26,730.5
2016-09-27,721.2
2016-09-28,718.7
2016-09-29,720.8
2016-09-30,719.9
2016-03-10,714.5
2016-04-10,698.0
2016-05-10,690.7
2016-06-10,684.0
2016-07-10,686.7
2016-10-10,685.5
2016-11-10,682.2
2016-12-10,683.8
2016-10-13,689.9
2016-10-14,682.9
2016-10-17,685.8
2016-10-18,686.1
2016-10-19,692.1
2016-10-20,694.8
2016-10-21,692.3
2016-10-24,691.5
2016-10-25,693.8
2016-10-26,694.1
2016-10-27,692.2
2016-10-28,695.2
2016-10-31,694.6
2016-01-11,703.1
2016-02-11,711.7
2016-03-11,710.0
2016-04-11,711.0
2016-07-11,700.1
2016-08-11,698.6
2016-09-11,696.5
2016-10-11,690.1
2016-11-11,678.8
2016-11-14,666.3
2016-11-15,679.2
2016-11-16,681.9
2016-11-17,680.1
2016-11-18,674.8
2016-11-21,676.3
2016-11-22,675.8
2016-11-23,664.0
2016-11-24,666.7
2016-11-25,664.8
2016-11-28,667.2
2016-11-29,666.3
2016-11-30,659.3
2016-01-12,649.5
2016-02-12,654.8
2016-05-12,648.6
2016-06-12,651.1
2016-07-12,652.2
2016-08-12,644.8
2016-09-12,641.7
2016-12-12,637.6
2016-12-13,639.7
2016-12-14,641.8
2016-12-15,625.2
2016-12-16,626.9
2016-12-19,630.1
2016-12-20,626.2
2016-12-21,629.2
2016-12-22,629.2
2016-12-23,627.4
2016-12-26,627.4
2016-12-27,629.5
2016-12-28,632.5
2016-12-29,638.1
2016-12-30,635.9
2017-02-01,635.9
2017-03-01,643.1
2017-04-01,648.3
2017-05-01,654.0
2017-06-01,653.5
2017-09-01,657.5
2017-10-01,662.8
2017-11-01,658.4
2017-12-01,670.7
2017-01-13,663.8
2017-01-16,670.1
2017-01-17,676.0
2017-01-18,676.0
2017-01-19,666.6
2017-01-20,669.1
2017-01-23,676.1
2017-01-24,678.1
2017-01-25,665.2
2017-01-26,662.2
2017-01-27,659.4
2017-01-30,662.9
2017-01-31,672.8
2017-01-02,664.7
2017-02-02,673.5
2017-03-02,668.7
2017-06-02,674.1
2017-07-02,678.1
2017-08-02,682.9
2017-09-02,676.7
2017-10-02,671.2
2017-02-13,669.5
2017-02-14,673.7
2017-02-15,669.7
2017-02-16,680.1
2017-02-17,680.5
2017-02-20,677.0
2017-02-21,674.7
2017-02-22,677.2
2017-02-23,681.9
2017-02-24,685.0
2017-02-27,686.3
2017-02-28,685.0
2017-01-03,677.7
2017-02-03,675.2
2017-03-03,670.0
2017-06-03,671.5
2017-07-03,663.3
2017-08-03,659.6
2017-09-03,658.5
2017-10-03,654.6
2017-03-13,655.5
2017-03-14,649.3
2017-03-15,643.9
2017-03-16,658.0
2017-03-17,658.4
2017-03-20,658.5
2017-03-21,662.3
2017-03-22,668.4
2017-03-23,668.6
2017-03-24,667.2
2017-03-27,669.3
2017-03-28,669.2
2017-03-29,664.1
2017-03-30,662.9
2017-03-31,660.9
2017-03-04,663.3
2017-04-04,668.8
2017-05-04,661.2
2017-06-04,662.0
2017-07-04,664.9
2017-10-04,659.7
2017-11-04,660.5
2017-12-04,674.1
2017-04-13,676.3
2017-04-14,676.3
2017-04-17,676.5
2017-04-18,675.3
2017-04-19,675.3
2017-04-20,677.2
2017-04-21,676.9
2017-04-24,668.9
2017-04-25,666.3
2017-04-26,661.4
2017-04-27,662.2
2017-04-28,666.1
2017-01-05,666.1
2017-02-05,659.2
2017-03-05,655.7
2017-04-05,644.6
2017-05-05,646.2
2017-08-05,646.5
2017-09-05,645.3
2017-10-05,646.7
2017-11-05,643.9
2017-12-05,647.7
2017-05-15,646.6
2017-05-16,646.7
2017-05-17,659.5
2017-05-18,665.9
2017-05-19,661.9
2017-05-22,664.3
2017-05-23,667.9
2017-05-24,663.3
2017-05-25,664.1
2017-05-26,666.4
2017-05-29,667.1
2017-05-30,667.3
2017-05-31,668.0
2017-01-06,667.5
2017-02-06,672.0
2017-05-06,673.5
2017-06-06,681.4
2017-07-06,678.9
2017-08-06,669.5
2017-09-06,665.5
2017-12-06,667.4
2017-06-13,664.3
2017-06-14,670.4
2017-06-15,661.0
2017-06-16,661.3
2017-06-19,657.3
2017-06-20,654.8
2017-06-21,655.4
2017-06-22,660.2
2017-06-23,662.3
2017-06-26,656.8
2017-06-27,658.9
2017-06-28,658.9
2017-06-29,656.7
2017-06-30,656.5
2017-03-07,651.9
2017-04-07,647.5
2017-05-07,646.5
2017-06-07,648.6
2017-07-07,642.1
2017-10-07,639.5
2017-11-07,639.4
2017-12-07,643.3
2017-07-13,642.2
2017-07-14,648.4
2017-07-17,649.5
2017-07-18,652.7
2017-07-19,653.3
2017-07-20,652.6
2017-07-21,656.7
2017-07-24,660.4
2017-07-25,660.3
2017-07-26,656.8
2017-07-27,661.0
2017-07-28,663.7
2017-07-31,664.9
2017-01-08,665.8
2017-02-08,660.5
2017-03-08,660.2
2017-04-08,654.3
2017-07-08,656.5
2017-08-08,656.6
2017-09-08,663.5
2017-10-08,672.7
2017-11-08,674.4
2017-08-14,672.2
2017-08-15,666.0
2017-08-16,667.7
2017-08-17,674.2
2017-08-18,679.4
2017-08-21,677.8
2017-08-22,673.4
2017-08-23,674.6
2017-08-24,674.9
2017-08-25,673.0
2017-08-28,671.6
2017-08-29,690.3
2017-08-30,684.3
2017-08-31,685.6
2017-01-09,691.2
2017-04-09,698.3
2017-05-09,700.2
2017-06-09,701.4
2017-07-09,703.5
2017-08-09,702.7
2017-11-09,697.2
2017-12-09,694.5
2017-09-13,694.7
2017-09-14,694.1
2017-09-15,693.5
2017-09-18,687.9
2017-09-19,688.6
2017-09-20,689.1
2017-09-21,684.6
2017-09-22,685.9
2017-09-25,688.7
2017-09-26,695.0
2017-09-27,688.9
2017-09-28,687.6
2017-09-29,685.3
2017-02-10,680.3
2017-03-10,680.6
2017-04-10,677.1
2017-05-10,678.2
2017-06-10,674.1
2017-09-10,683.5
2017-10-10,689.0
2017-11-10,686.9
2017-12-10,686.7
2017-10-13,689.8
2017-10-16,690.0
2017-10-17,682.1
2017-10-18,681.6
2017-10-19,684.9
2017-10-20,682.1
2017-10-23,677.6
2017-10-24,679.1
2017-10-25,677.1
2017-10-26,675.1
2017-10-27,673.4
2017-10-30,674.4
2017-10-31,672.7
2017-01-11,674.4
2017-02-11,676.3
2017-03-11,669.2
2017-06-11,672.3
2017-07-11,678.1
2017-08-11,682.1
2017-09-11,682.5
2017-10-11,684.0
2017-11-13,683.6
2017-11-14,681.6
2017-11-15,683.9
2017-11-16,683.1
2017-11-17,683.2
2017-11-20,684.6
2017-11-21,681.1
2017-11-22,683.3
2017-11-23,682.1
2017-11-24,682.6
2017-11-27,683.5
2017-11-28,680.5
2017-11-29,675.6
2017-11-30,674.9
2017-01-12,672.5
2017-04-12,670.5
2017-05-12,666.7
2017-06-12,666.7
2017-07-12,662.7
2017-08-12,659.2
2017-11-12,656.3
2017-12-12,653.5
2017-12-13,654.8
2017-12-14,658.1
2017-12-15,657.6
2017-12-18,661.7
2017-12-19,660.3
2017-12-20,662.6
2017-12-21,662.5
2017-12-22,662.5
2017-12-25,662.5
2017-12-26,662.9
2017-12-27,671.2
2017-12-28,676.7
2017-12-29,673.7
2018-01-01,673.7
2018-02-01,680.6
2018-03-01,683.1
2018-04-01,681.4
2018-05-01,682.4
2018-08-01,684.2
2018-09-01,682.7
2018-10-01,686.4
2018-11-01,688.7
2018-12-01,690.2
2018-01-15,694.9
2018-01-16,698.5
2018-01-17,697.4
2018-01-18,695.4
2018-01-19,696.2
2018-01-22,695.7
2018-01-23,695.5
2018-01-24,704.8
2018-01-25,704.4
2018-01-26,703.5
2018-01-29,698.2
2018-01-30,699.8
2018-01-31,699.5
2018-01-02,700.2
2018-02-02,697.3
2018-05-02,698.4
2018-06-02,698.9
2018-07-02,696.2
2018-08-02,691.2
2018-09-02,692.2
2018-12-02,695.4
2018-02-13,697.0
2018-02-14,700.0
2018-02-15,707.0
2018-02-16,709.5
2018-02-19,706.6
2018-02-20,709.8
2018-02-21,704.4
2018-02-22,706.1
2018-02-23,702.6
2018-02-26,705.5
2018-02-27,703.2
2018-02-28,702.0
2018-01-03,697.4
2018-02-03,705.2
2018-05-03,703.0
2018-06-03,708.5
2018-07-03,705.3
2018-08-03,703.0
2018-09-03,703.6
2018-12-03,701.4
2018-03-13,701.7
2018-03-14,701.7
2018-03-15,700.0
2018-03-16,696.1
2018-03-19,698.7
2018-03-20,698.9
2018-03-21,704.5
2018-03-22,707.8
2018-03-23,715.9
2018-03-26,717.4
2018-03-27,712.4
2018-03-28,710.6
2018-03-29,706.0
2018-03-30,706.0
2018-02-04,706.0
2018-03-04,709.0
2018-04-04,712.5
2018-05-04,705.7
2018-06-04,707.3
2018-09-04,708.0
2018-10-04,711.7
2018-11-04,720.3
2018-12-04,716.1
2018-04-13,716.5
2018-04-16,722.3
2018-04-17,720.6
2018-04-18,725.1
2018-04-19,725.0
2018-04-20,721.8
2018-04-23,719.6
2018-04-24,720.9
2018-04-25,722.6
2018-04-26,720.9
2018-04-27,721.1
2018-04-30,716.6
2018-01-05,713.3
2018-02-05,710.9
2018-03-05,716.2
2018-04-05,716.2
2018-07-05,719.1
2018-08-05,716.7
2018-09-05,722.8
2018-10-05,725.6
2018-11-05,728.7
2018-05-14,729.4
2018-05-15,719.9
2018-05-16,716.1
2018-05-17,713.7
2018-05-18,716.6
2018-05-21,717.6
2018-05-22,719.6
2018-05-23,720.9
2018-05-24,729.0
2018-05-25,722.5
2018-05-28,718.1
2018-05-29,719.2
2018-05-30,717.7
2018-05-31,720.2
2018-01-06,710.1
2018-04-06,711.2
2018-05-06,709.7
2018-06-06,711.9
2018-07-06,711.7
2018-08-06,718.4
2018-11-06,716.4
2018-12-06,716.6
2018-06-13,716.8
2018-06-14,720.8
2018-06-15,714.5
2018-06-18,713.0
2018-06-19,712.5
2018-06-20,709.3
2018-06-21,704.8
2018-06-22,704.0
2018-06-25,707.0
2018-06-26,702.5
2018-06-27,703.8
2018-06-28,703.3
2018-06-29,700.5
2018-02-07,701.3
2018-03-07,702.2
2018-04-07,705.8
2018-05-07,707.8
2018-06-07,707.2
2018-09-07,709.4
2018-10-07,705.7
2018-11-07,704.1
2018-12-07,698.2
2018-07-13,695.2
2018-07-16,696.5
2018-07-17,689.9
2018-07-18,687.2
2018-07-19,686.9
2018-07-20,692.4
2018-07-23,689.4
2018-07-24,691.6
2018-07-25,692.2
2018-07-26,689.8
2018-07-27,687.7
2018-07-30,687.0
2018-07-31,684.7
2018-01-08,682.3
2018-02-08,682.3
2018-03-08,684.0
2018-06-08,680.8
2018-07-08,680.7
2018-08-08,678.9
2018-09-08,681.7
2018-10-08,683.8
2018-08-13,685.5
2018-08-14,683.9
2018-08-15,675.3
2018-08-16,678.5
2018-08-17,677.3
2018-08-20,676.1
2018-08-21,680.1
2018-08-22,683.3
2018-08-23,683.6
2018-08-24,685.1
2018-08-27,687.0
2018-08-28,695.4
2018-08-29,694.9
2018-08-30,693.0
2018-08-31,697.3
2018-03-09,697.3
2018-04-09,695.9
2018-05-09,701.3
2018-06-09,708.6
2018-07-09,702.6
2018-10-09,708.4
2018-11-09,707.2
2018-12-09,705.6
2018-09-13,714.0
2018-09-14,706.0
2018-09-17,711.8
2018-09-18,713.7
2018-09-19,713.5
2018-09-20,716.5
2018-09-21,706.5
2018-09-24,713.8
2018-09-25,713.9
2018-09-26,708.5
2018-09-27,703.5
2018-09-28,703.7
2018-01-10,708.6
2018-02-10,717.7
2018-03-10,719.3
2018-04-10,725.1
2018-05-10,726.9
2018-08-10,718.7
2018-09-10,720.8
2018-10-10,720.9
2018-11-10,730.4
2018-12-10,734.3
2018-10-15,742.5
2018-10-16,740.6
2018-10-17,739.9
2018-10-18,736.2
2018-10-19,737.0
2018-10-22,734.2
2018-10-23,743.3
2018-10-24,736.6
2018-10-25,737.0
2018-10-26,740.2
2018-10-29,739.5
2018-10-30,738.4
2018-10-31,734.6
2018-01-11,740.3
2018-02-11,730.3
2018-05-11,736.7
2018-06-11,735.7
2018-07-11,734.7
2018-08-11,731.3
2018-09-11,717.9
2018-12-11,718.9
2018-11-13,714.2
2018-11-14,711.3
2018-11-15,713.2
2018-11-16,718.1
2018-11-19,715.1
2018-11-20,714.8
2018-11-21,716.6
2018-11-22,711.7
2018-11-23,709.7
2018-11-26,708.4
2018-11-27,706.7
2018-11-28,700.7
2018-11-29,700.2
2018-11-30,693.8
2018-03-12,707.9
2018-04-12,715.4
2018-05-12,712.8
2018-06-12,719.7
2018-07-12,719.4
2018-10-12,727.0
2018-11-12,731.6
2018-12-12,733.0
2018-12-13,728.4
2018-12-14,725.9
2018-12-17,726.7
2018-12-18,721.8
2018-12-19,722.5
2018-12-20,719.7
2018-12-21,720.0
2018-12-24,721.4
2018-12-25,721.4
2018-12-26,721.5
2018-12-27,729.3
2018-12-28,732.6
2018-12-31,730.1
2019-01-01,730.1
2019-02-01,735.5
2019-03-01,739.6
2019-04-01,729.9
2019-07-01,736.3
2019-08-01,738.3
2019-09-01,743.1
2019-10-01,744.2
2019-11-01,742.8
2019-01-14,748.5
2019-01-15,751.6
2019-01-16,752.4
2019-01-17,749.3
2019-01-18,746.9
2019-01-21,745.0
2019-01-22,748.7
2019-01-23,746.6
2019-01-24,747.0
2019-01-25,753.6
2019-01-28,757.4
2019-01-29,760.2
2019-01-30,762.6
2019-01-31,769.5
2019-01-02,768.6
2019-04-02,769.8
2019-05-02,769.2
2019-06-02,767.8
2019-07-02,764.7
2019-08-02,766.5
2019-11-02,760.1
2019-12-02,758.2
2019-02-13,760.1
2019-02-14,762.4
2019-02-15,767.2
2019-02-18,773.2
2019-02-19,778.3
2019-02-20,781.7
2019-02-21,774.7
2019-02-22,773.5
2019-02-25,772.6
2019-02-26,769.9
2019-02-27,770.3
2019-02-28,767.2
2019-01-03,760.2
2019-04-03,744.8
2019-05-03,739.9
2019-06-03,739.8
2019-07-03,736.1
2019-08-03,743.6
2019-11-03,739.0
2019-12-03,739.4
2019-03-13,742.8
2019-03-14,735.5
2019-03-15,737.0
2019-03-18,731.9
2019-03-19,737.9
2019-03-20,733.9
2019-03-21,737.2
2019-03-22,739.4
2019-03-25,743.7
2019-03-26,741.0
2019-03-27,737.6
2019-03-28,732.3
2019-03-29,733.7
2019-01-04,732.7
2019-02-04,725.2
2019-03-04,722.0
2019-04-04,725.7
2019-05-04,729.3
2019-08-04,740.6
2019-09-04,738.4
2019-10-04,737.7
2019-11-04,731.8
2019-12-04,732.0
2019-04-15,729.7
2019-04-16,726.4
2019-04-17,726.1
2019-04-18,723.3
2019-04-19,723.3
2019-04-22,726.6
2019-04-23,722.6
2019-04-24,726.4
2019-04-25,735.8
2019-04-26,735.2
2019-04-29,732.5
2019-04-30,729.2
2019-01-05,730.1
2019-02-05,720.8
2019-03-05,723.7
2019-06-05,725.5
2019-07-05,727.3
2019-08-05,732.6
2019-09-05,735.4
2019-10-05,735.6
2019-05-13,747.1
2019-05-14,748.0
2019-05-15,747.1
2019-05-16,739.6
2019-05-17,735.5
2019-05-20,728.1
2019-05-21,724.7
2019-05-22,725.6
2019-05-23,734.9
2019-05-24,729.1
2019-05-27,728.9
2019-05-28,728.3
2019-05-29,731.8
2019-05-30,731.8
2019-05-31,738.2
2019-03-06,745.9
2019-04-06,749.9
2019-05-06,756.0
2019-06-06,756.6
2019-07-06,761.5
2019-10-06,756.7
2019-11-06,752.0
2019-12-06,755.5
2019-06-13,759.2
2019-06-14,771.2
2019-06-17,766.6
2019-06-18,764.5
2019-06-19,765.8
2019-06-20,783.3
2019-06-21,794.7
2019-06-24,797.1
2019-06-25,811.7
2019-06-26,793.9
2019-06-27,792.1
2019-06-28,795.2
2019-01-07,783.7
2019-02-07,784.2
2019-03-07,796.3
2019-04-07,792.5
2019-05-07,776.8
2019-08-07,786.0
2019-09-07,780.0
2019-10-07,789.7
2019-11-07,791.5
2019-12-07,790.5
2019-07-15,791.6
2019-07-16,792.1
2019-07-17,793.7
2019-07-18,799.2
2019-07-19,810.0
2019-07-22,804.6
2019-07-23,803.6
2019-07-24,804.9
2019-07-25,799.4
2019-07-26,800.2
2019-07-29,797.5
2019-07-30,802.7
2019-07-31,802.9
2019-01-08,794.4
2019-02-08,820.3
2019-05-08,847.2
2019-06-08,848.5
2019-07-08,872.6
2019-08-08,864.6
2019-09-08,866.7
2019-12-08,870.7
2019-08-13,874.5
2019-08-14,881.9
2019-08-15,883.3
2019-08-16,881.6
2019-08-19,874.0
2019-08-20,882.1
2019-08-21,879.4
2019-08-22,882.0
2019-08-23,881.1
2019-08-26,885.5
2019-08-27,896.0
2019-08-28,902.1
2019-08-29,903.8
2019-08-30,892.4
2019-02-09,890.9
2019-03-09,910.2
2019-04-09,911.8
2019-05-09,898.1
2019-06-09,893.5
2019-09-09,884.8
2019-10-09,878.4
2019-11-09,873.4
2019-12-09,881.3
2019-09-13,871.7
2019-09-16,876.5
2019-09-17,881.6
2019-09-18,875.8
2019-09-19,875.2
2019-09-20,871.3
2019-09-23,882.8
2019-09-24,883.1
2019-09-25,887.9
2019-09-26,873.1
2019-09-27,859.6
2019-09-30,860.7
2019-01-10,856.2
2019-02-10,867.7
2019-03-10,879.1
2019-04-10,868.8
2019-07-10,871.8
2019-08-10,874.5
2019-09-10,875.9
2019-10-10,868.6
2019-11-10,859.0
2019-10-14,867.9
2019-10-15,870.2
2019-10-16,867.5
2019-10-17,868.7
2019-10-18,866.8
2019-10-21,868.1
2019-10-22,861.6
2019-10-23,866.5
2019-10-24,869.2
2019-10-25,877.4
2019-10-28,865.2
2019-10-29,861.2
2019-10-30,865.0
2019-10-31,876.3
2019-01-11,873.7
2019-04-11,873.4
2019-05-11,860.6
2019-06-11,862.5
2019-07-11,861.2
2019-08-11,853.2
2019-11-11,852.3
2019-12-11,848.4
2019-11-13,862.3
2019-11-14,863.0
2019-11-15,861.0
2019-11-18,862.1
2019-11-19,861.0
2019-11-20,864.1
2019-11-21,860.9
2019-11-22,858.8
2019-11-25,855.3
2019-11-26,850.3
2019-11-27,848.5
2019-11-28,851.8
2019-11-29,856.5
2019-02-12,856.1
2019-03-12,865.7
2019-04-12,862.7
2019-05-12,860.3
2019-06-12,849.8
2019-09-12,849.1
2019-10-12,849.5
2019-11-12,849.6
2019-12-12,850.1
2019-12-13,849.3
2019-12-16,858.1
2019-12-17,856.5
2019-12-18,855.4
2019-12-19,857.6
2019-12-20,860.0
2019-12-23,862.6
2019-12-24,863.6
2019-12-25,863.6
2019-12-26,864.2
2019-12-27,881.8
2019-12-30,883.3
2019-12-31,884.0
2020-01-01,884.0
2020-02-01,891.1
2020-03-01,909.1
2020-06-01,925.3
2020-07-01,920.7
2020-08-01,921.6
2020-09-01,902.9
2020-10-01,901.2
2020-01-13,897.9
2020-01-14,895.4
2020-01-15,896.9
2020-01-16,901.6
2020-01-17,905.3
2020-01-20,907.1
2020-01-21,903.2
2020-01-22,906.3
2020-01-23,910.8
2020-01-24,912.3
2020-01-27,923.0
2020-01-28,918.1
2020-01-29,916.8
2020-01-30,922.5
2020-01-31,924.3
2020-03-02,918.5
2020-04-02,908.1
2020-05-02,904.5
2020-06-02,910.0
2020-07-02,918.0
2020-10-02,917.0
2020-11-02,915.3
2020-12-02,912.1
2020-02-13,918.5
2020-02-14,922.7
2020-02-17,921.5
2020-02-18,930.2
2020-02-19,938.6
2020-02-20,948.4
2020-02-21,962.6
2020-02-24,984.1
2020-02-25,969.9
2020-02-26,957.9
2020-02-27,966.8
2020-02-28,949.9
2020-02-03,951.1
2020-03-03,968.2
2020-04-03,983.0
2020-05-03,994.7
2020-06-03,1015.4
2020-09-03,1013.1
2020-10-03,1003.0
2020-11-03,995.7
2020-12-03,953.1
2020-03-13,944.5
2020-03-16,903.4
2020-03-17,932.6
2020-03-18,909.7
2020-03-19,903.9
2020-03-20,918.8
2020-03-23,955.6
2020-03-24,996.5
2020-03-25,996.3
2020-03-26,1004.5
2020-03-27,989.7
2020-03-30,1000.6
2020-03-31,995.2
2020-01-04,975.2
2020-02-04,1000.1
2020-03-04,1004.6
2020-06-04,1026.6
2020-07-04,1019.9
2020-08-04,1028.5
2020-09-04,1048.4
2020-10-04,1048.4
2020-04-13,1048.1
2020-04-14,1086.3
2020-04-15,1074.1
2020-04-16,1086.9
2020-04-17,1056.9
2020-04-20,1055.2
2020-04-21,1056.7
2020-04-22,1072.5
2020-04-23,1079.8
2020-04-24,1072.7
2020-04-27,1069.1
2020-04-28,1053.7
2020-04-29,1054.0
2020-04-30,1045.5
2020-01-05,1035.4
2020-04-05,1058.1
2020-05-05,1051.0
2020-06-05,1047.8
2020-07-05,1055.6
2020-08-05,1052.7
2020-11-05,1054.4
2020-12-05,1051.1
2020-05-13,1054.1
2020-05-14,1069.9
2020-05-15,1072.2
2020-05-18,1076.8
2020-05-19,1074.9
2020-05-20,1083.6
2020-05-21,1066.4
2020-05-22,1076.6
2020-05-25,1076.6
2020-05-26,1064.2
2020-05-27,1049.1
2020-05-28,1063.7
2020-05-29,1068.8
2020-01-06,1069.0
2020-02-06,1073.5
2020-03-06,1052.3
2020-04-06,1050.5
2020-05-06,1040.4
2020-08-06,1043.9
2020-09-06,1059.4
2020-10-06,1064.4
2020-11-06,1077.2
2020-12-06,1075.1
2020-06-15,1063.3
2020-06-16,1071.6
2020-06-17,1073.8
2020-06-18,1070.6
2020-06-19,1080.8
2020-06-22,1095.3
2020-06-23,1094.2
2020-06-24,1093.5
2020-06-25,1086.7
2020-06-26,1081.0
2020-06-29,1094.9
2020-06-30,1091.5
2020-01-07,1094.7
2020-02-07,1090.2
2020-03-07,1081.9
2020-06-07,1091.7
2020-07-07,1096.4
2020-08-07,1110.9
2020-09-07,1111.2
2020-10-07,1108.8
2020-07-13,1111.3
2020-07-14,1111.3
2020-07-15,1108.8
2020-07-16,1111.3
2020-07-17,1108.6
2020-07-20,1112.1
2020-07-21,1126.1
2020-07-22,1132.3
2020-07-23,1148.1
2020-07-24,1163.9
2020-07-27,1185.1
2020-07-28,1187.8
2020-07-29,1193.2
2020-07-30,1198.1
2020-07-31,1201.9
2020-03-08,1201.2
2020-04-08,1213.6
2020-05-08,1255.0
2020-06-08,1266.5
2020-07-08,1244.4
2020-10-08,1252.1
2020-11-08,1185.9
2020-12-08,1182.1
2020-08-13,1189.8
2020-08-14,1191.0
2020-08-17,1208.0
2020-08-18,1227.9
2020-08-19,1212.0
2020-08-20,1182.3
2020-08-21,1177.7
2020-08-24,1181.1
2020-08-25,1161.4
2020-08-26,1174.3
2020-08-27,1161.1
2020-08-28,1174.6
2020-08-31,1178.0
2020-01-09,1175.3
2020-02-09,1162.6
2020-03-09,1165.7
2020-04-09,1151.9
2020-07-09,1156.5
2020-08-09,1150.1
2020-09-09,1171.0
2020-10-09,1181.0
2020-11-09,1170.9
2020-09-14,1176.8
2020-09-15,1173.9
2020-09-16,1179.2
2020-09-17,1166.0
2020-09-18,1171.6
2020-09-21,1145.9
2020-09-22,1146.8
2020-09-23,1127.0
2020-09-24,1124.9
2020-09-25,1119.2
2020-09-28,1124.8
2020-09-29,1137.7
2020-09-30,1138.3
2020-01-10,1137.6
2020-02-10,1138.2
2020-05-10,1144.3
2020-06-10,1149.3
2020-07-10,1129.8
2020-08-10,1130.3
2020-09-10,1150.2
2020-12-10,1153.6
2020-10-13,1134.4
2020-10-14,1144.9
2020-10-15,1135.1
2020-10-16,1142.5
2020-10-19,1143.2
2020-10-20,1140.6
2020-10-21,1157.9
2020-10-22,1143.0
2020-10-23,1145.8
2020-10-26,1146.4
2020-10-27,1148.7
2020-10-28,1129.5
2020-10-29,1133.3
2020-10-30,1140.3
2020-02-11,1150.1
2020-03-11,1160.9
2020-04-11,1161.2
2020-05-11,1179.2
2020-06-11,1177.6
2020-09-11,1132.2
2020-10-11,1139.7
2020-11-11,1131.6
2020-12-11,1144.3
2020-11-13,1153.6
2020-11-16,1150.4
2020-11-17,1150.0
2020-11-18,1138.0
2020-11-19,1127.9
2020-11-20,1137.3
2020-11-23,1115.0
2020-11-24,1088.9
2020-11-25,1093.9
2020-11-26,1091.9
2020-11-27,1077.4
2020-11-30,1067.2
2020-01-12,1090.6
2020-02-12,1099.9
2020-03-12,1107.4
2020-04-12,1112.1
2020-07-12,1123.9
2020-08-12,1123.6
2020-09-12,1107.8
2020-10-12,1110.8
2020-11-12,1109.2
2020-12-14,1101.4
2020-12-15,1114.3
2020-12-16,1114.3
2020-12-17,1137.5
2020-12-18,1130.6
2020-12-21,1134.2
2020-12-22,1133.4
2020-12-23,1130.8
2020-12-24,1127.6
2020-12-25,1127.6
2020-12-28,1126.8
2020-12-29,1125.2
2020-12-30,1131.4
2020-12-31,1127.7
2021-01-01,1127.7
